Workbook

Sheet Cotton Tape and Sliver
A3: Описание артикул | B3: Желано количество | C3: Поръчано Количество | D3: Желана дата за доставка | E3: Машина | F3: COM No. | G3: Submission (UTC) | I3: ID Запитване | J3: Доставчик | K3: Очаквана дата на доставка | L3: Товарителница | M3: Реална доставка | N3: Доставено количество | O3: Цена за 1 бр. в BGN | P3: Сума на поръчката в BGN | Q3: Фактура? | R3: Транспортни документи | S3: Requester Name | T3: Requester email
A4: конусна втулка H317 | B4: 6 | D4: 45827 | E4: Лента | G4: 45807.57 | H4: Доставено | I4: CT-0021 | J4: PROXTEAM | P4: =Table1[[#This Row],[Цена за 1 бр. в BGN]]*Table1[[#This Row],[Поръчано Количество]] -> 0 | S4: {=_xlfn.SWITCH(T4, "ivelikov@septona-bg.com", "Ivan Velikov", "andy@skuytov.eu", "Andrean Angelov", "ialeksandrov@septona-bg.com", "Ivailo Aleksandrov", "bgeorgiev@septona-bg.com", "Boris Georgiev", "iilev@septona-bg.com", "Ivailo Iliev", "dmitev@septona-bg.com", "Dimitar Mitev", "gkanchev@septona-bgc.com", "Georgi Kanchev", "s.kuytov@skuytov.eu", "Salim Kuytov", "istoyanova@septona-bg.com", "Ivelina Stoyanova", "ddimitrova@septona-bg.com", "Doroteya Dimitrova", "smehandzhieva@septona-bg.com", "Stiliana Mehandzhieva", "Unknown" )} -> Unknown
A5: лагер 22217KEJW33 | B5: 6 | D5: 45827 | E5: Лента | G5: 45807.57 | H5: Доставено | I5: CT-0021 | J5: PROXTEAM | P5: =Table1[[#This Row],[Цена за 1 бр. в BGN]]*Table1[[#This Row],[Поръчано Количество]] -> 0 | S5: {=_xlfn.SWITCH(T5, "ivelikov@septona-bg.com", "Ivan Velikov", "andy@skuytov.eu", "Andrean Angelov", "ialeksandrov@septona-bg.com", "Ivailo Aleksandrov", "bgeorgiev@septona-bg.com", "Boris Georgiev", "iilev@septona-bg.com", "Ivailo Iliev", "dmitev@septona-bg.com", "Dimitar Mitev", "gkanchev@septona-bgc.com", "Georgi Kanchev", "s.kuytov@skuytov.eu", "Salim Kuytov", "istoyanova@septona-bg.com", "Ivelina Stoyanova", "ddimitrova@septona-bg.com", "Doroteya Dimitrova", "smehandzhieva@septona-bg.com", "Stiliana Mehandzhieva", "Unknown" )} -> Unknown
A6: SNR/FR150x12,5x5 | B6: 12 | D6: 45827 | E6: Лента | G6: 45807.571 | H6: Доставено | I6: CT-0021 | J6: PROXTEAM | P6: =Table1[[#This Row],[Цена за 1 бр. в BGN]]*Table1[[#This Row],[Поръчано Количество]] -> 0 | S6: {=_xlfn.SWITCH(T6, "ivelikov@septona-bg.com", "Ivan Velikov", "andy@skuytov.eu", "Andrean Angelov", "ialeksandrov@septona-bg.com", "Ivailo Aleksandrov", "bgeorgiev@septona-bg.com", "Boris Georgiev", "iilev@septona-bg.com", "Ivailo Iliev", "dmitev@septona-bg.com", "Dimitar Mitev", "gkanchev@septona-bgc.com", "Georgi Kanchev", "s.kuytov@skuytov.eu", "Salim Kuytov", "istoyanova@septona-bg.com", "Ivelina Stoyanova", "ddimitrova@septona-bg.com", "Doroteya Dimitrova", "smehandzhieva@septona-bg.com", "Stiliana Mehandzhieva", "Unknown" )} -> Unknown
A7: лагерна черупка SNR/SNC.517 | B7: 6 | D7: 45827 | E7: Лента | G7: 45807.571 | H7: Доставено | I7: CT-0021 | J7: PROXTEAM | P7: =Table1[[#This Row],[Цена за 1 бр. в BGN]]*Table1[[#This Row],[Поръчано Количество]] -> 0 | S7: {=_xlfn.SWITCH(T7, "ivelikov@septona-bg.com", "Ivan Velikov", "andy@skuytov.eu", "Andrean Angelov", "ialeksandrov@septona-bg.com", "Ivailo Aleksandrov", "bgeorgiev@septona-bg.com", "Boris Georgiev", "iilev@septona-bg.com", "Ivailo Iliev", "dmitev@septona-bg.com", "Dimitar Mitev", "gkanchev@septona-bgc.com", "Georgi Kanchev", "s.kuytov@skuytov.eu", "Salim Kuytov", "istoyanova@septona-bg.com", "Ivelina Stoyanova", "ddimitrova@septona-bg.com", "Doroteya Dimitrova", "smehandzhieva@septona-bg.com", "Stiliana Mehandzhieva", "Unknown" )} -> Unknown
A8: верига 08В-1 - 5м | B8: 4 | D8: 45827 | E8: Лента | G8: 45808.182 | H8: Доставено | I8: CT-0021 | J8: PROXTEAM | P8: =Table1[[#This Row],[Цена за 1 бр. в BGN]]*Table1[[#This Row],[Поръчано Количество]] -> 0 | S8: {=_xlfn.SWITCH(T8, "ivelikov@septona-bg.com", "Ivan Velikov", "andy@skuytov.eu", "Andrean Angelov", "ialeksandrov@septona-bg.com", "Ivailo Aleksandrov", "bgeorgiev@septona-bg.com", "Boris Georgiev", "iilev@septona-bg.com", "Ivailo Iliev", "dmitev@septona-bg.com", "Dimitar Mitev", "gkanchev@septona-bgc.com", "Georgi Kanchev", "s.kuytov@skuytov.eu", "Salim Kuytov", "istoyanova@septona-bg.com", "Ivelina Stoyanova", "ddimitrova@septona-bg.com", "Doroteya Dimitrova", "smehandzhieva@septona-bg.com", "Stiliana Mehandzhieva", "Unknown" )} -> Unknown
A9: мотор siemens 3 1LA5096-6AA22-Z Nr. E 7L92 8928 01 003 0.74kW 905rpm/ min | B9: 3 | D9: 45855 | E9: Лента | G9: 45813.234 | H9: НОВ | J9: FILKAB | P9: =Table1[[#This Row],[Цена за 1 бр. в BGN]]*Table1[[#This Row],[Поръчано Количество]] -> 0 | S9: {=_xlfn.SWITCH(T9, "ivelikov@septona-bg.com", "Ivan Velikov", "andy@skuytov.eu", "Andrean Angelov", "ialeksandrov@septona-bg.com", "Ivailo Aleksandrov", "bgeorgiev@septona-bg.com", "Boris Georgiev", "iilev@septona-bg.com", "Ivailo Iliev", "dmitev@septona-bg.com", "Dimitar Mitev", "gkanchev@septona-bgc.com", "Georgi Kanchev", "s.kuytov@skuytov.eu", "Salim Kuytov", "istoyanova@septona-bg.com", "Ivelina Stoyanova", "ddimitrova@septona-bg.com", "Doroteya Dimitrova", "smehandzhieva@septona-bg.com", "Stiliana Mehandzhieva", "Unknown" )} -> Unknown
A10: шлаух ф 8 | B10: 200 метра | D10: 45826 | E10: Корпус 6, нова поточна линия памучна лента | G10: 45824.189 | H10: Доставено | J10: viautomation | P10: =Table1[[#This Row],[Цена за 1 бр. в BGN]]*Table1[[#This Row],[Поръчано Количество]] -> 0 | S10: {=_xlfn.SWITCH(T10, "ivelikov@septona-bg.com", "Ivan Velikov", "andy@skuytov.eu", "Andrean Angelov", "ialeksandrov@septona-bg.com", "Ivailo Aleksandrov", "bgeorgiev@septona-bg.com", "Boris Georgiev", "iilev@septona-bg.com", "Ivailo Iliev", "dmitev@septona-bg.com", "Dimitar Mitev", "gkanchev@septona-bgc.com", "Georgi Kanchev", "s.kuytov@skuytov.eu", "Salim Kuytov", "istoyanova@septona-bg.com", "Ivelina Stoyanova", "ddimitrova@septona-bg.com", "Doroteya Dimitrova", "smehandzhieva@septona-bg.com", "Stiliana Mehandzhieva", "Unknown" )} -> Unknown
A11: графитни втулки (лагери ) за фурните 9 (1078407 Bushing SIGRAFNE® EK3245 DRW. 051224 Rev.A.01) | B11: 8 | C11: 4 | D11: 45827 | E11: Лента | G11: 45824.189 | H11: Доставено | I11: 17248967 | J11: sglcarbon | K11: 45917 | O11: =1.95583*791.4 -> 1547.8439 | P11: =Table1[[#This Row],[Цена за 1 бр. в BGN]]*Table1[[#This Row],[Поръчано Количество]] -> 6191.3754 | S11: {=_xlfn.SWITCH(T11, "ivelikov@septona-bg.com", "Ivan Velikov", "andy@skuytov.eu", "Andrean Angelov", "ialeksandrov@septona-bg.com", "Ivailo Aleksandrov", "bgeorgiev@septona-bg.com", "Boris Georgiev", "iilev@septona-bg.com", "Ivailo Iliev", "dmitev@septona-bg.com", "Dimitar Mitev", "gkanchev@septona-bgc.com", "Georgi Kanchev", "s.kuytov@skuytov.eu", "Salim Kuytov", "istoyanova@septona-bg.com", "Ivelina Stoyanova", "ddimitrova@septona-bg.com", "Doroteya Dimitrova", "smehandzhieva@septona-bg.com", "Stiliana Mehandzhieva", "Unknown" )} -> Unknown
A12: мотор siemens 3 1LA5107-4AA21-Z 3kW 1415rpm Nr.E 7K92 6362 05 012 | B12: 4 | D12: 45841 | E12: Лента | G12: 45826.476 | J12: FILKAB | P12: =Table1[[#This Row],[Цена за 1 бр. в BGN]]*Table1[[#This Row],[Поръчано Количество]] -> 0 | S12: {=_xlfn.SWITCH(T12, "ivelikov@septona-bg.com", "Ivan Velikov", "andy@skuytov.eu", "Andrean Angelov", "ialeksandrov@septona-bg.com", "Ivailo Aleksandrov", "bgeorgiev@septona-bg.com", "Boris Georgiev", "iilev@septona-bg.com", "Ivailo Iliev", "dmitev@septona-bg.com", "Dimitar Mitev", "gkanchev@septona-bgc.com", "Georgi Kanchev", "s.kuytov@skuytov.eu", "Salim Kuytov", "istoyanova@septona-bg.com", "Ivelina Stoyanova", "ddimitrova@septona-bg.com", "Doroteya Dimitrova", "smehandzhieva@septona-bg.com", "Stiliana Mehandzhieva", "Unknown" )} -> Unknown
A13: лагер 6005ЕЕ | B13: 12 | D13: 45840 | E13: Лента | G13: 45831.177 | H13: Доставено | I13: CT-0021 | J13: PROXTEAM | P13: =Table1[[#This Row],[Цена за 1 бр. в BGN]]*Table1[[#This Row],[Поръчано Количество]] -> 0 | S13: {=_xlfn.SWITCH(T13, "ivelikov@septona-bg.com", "Ivan Velikov", "andy@skuytov.eu", "Andrean Angelov", "ialeksandrov@septona-bg.com", "Ivailo Aleksandrov", "bgeorgiev@septona-bg.com", "Boris Georgiev", "iilev@septona-bg.com", "Ivailo Iliev", "dmitev@septona-bg.com", "Dimitar Mitev", "gkanchev@septona-bgc.com", "Georgi Kanchev", "s.kuytov@skuytov.eu", "Salim Kuytov", "istoyanova@septona-bg.com", "Ivelina Stoyanova", "ddimitrova@septona-bg.com", "Doroteya Dimitrova", "smehandzhieva@septona-bg.com", "Stiliana Mehandzhieva", "Unknown" )} -> Unknown
A14: държач на пръскалки | B14: 100 | D14: 45848 | E14: Лента | G14: 45831.179 | P14: =Table1[[#This Row],[Цена за 1 бр. в BGN]]*Table1[[#This Row],[Поръчано Количество]] -> 0 | S14: {=_xlfn.SWITCH(T14, "ivelikov@septona-bg.com", "Ivan Velikov", "andy@skuytov.eu", "Andrean Angelov", "ialeksandrov@septona-bg.com", "Ivailo Aleksandrov", "bgeorgiev@septona-bg.com", "Boris Georgiev", "iilev@septona-bg.com", "Ivailo Iliev", "dmitev@septona-bg.com", "Dimitar Mitev", "gkanchev@septona-bgc.com", "Georgi Kanchev", "s.kuytov@skuytov.eu", "Salim Kuytov", "istoyanova@septona-bg.com", "Ivelina Stoyanova", "ddimitrova@septona-bg.com", "Doroteya Dimitrova", "smehandzhieva@septona-bg.com", "Stiliana Mehandzhieva", "Unknown" )} -> Unknown
A15: мотор siemens 3 1LA5107-4AA21-Z 3kW 1415rpm Nr.E 7K92 6362 05 012 | B15: 4 | D15: 45848 | E15: Лента | G15: 45831.182 | J15: FILKAB | P15: =Table1[[#This Row],[Цена за 1 бр. в BGN]]*Table1[[#This Row],[Поръчано Количество]] -> 0 | S15: {=_xlfn.SWITCH(T15, "ivelikov@septona-bg.com", "Ivan Velikov", "andy@skuytov.eu", "Andrean Angelov", "ialeksandrov@septona-bg.com", "Ivailo Aleksandrov", "bgeorgiev@septona-bg.com", "Boris Georgiev", "iilev@septona-bg.com", "Ivailo Iliev", "dmitev@septona-bg.com", "Dimitar Mitev", "gkanchev@septona-bgc.com", "Georgi Kanchev", "s.kuytov@skuytov.eu", "Salim Kuytov", "istoyanova@septona-bg.com", "Ivelina Stoyanova", "ddimitrova@septona-bg.com", "Doroteya Dimitrova", "smehandzhieva@septona-bg.com", "Stiliana Mehandzhieva", "Unknown" )} -> Unknown
A16: Помпа дозатор за химия ЕМЕC code ACP07020K0000G00A000 DESCR. PUMP AMSCLPLUS 0720 FP 230VAC 0.18A 20.00 l/h IP65 7bar -700KPas (https://cwc.com.au/products/chemical-dosing-pumps/emec-solenoid-driven-dosing-pumps/high-viscosity-polymer-pumps/emec-amscoplus-lpv-15l-hr-10b-or-60l-hr-2b-high-viscosity-heads/) | B16: 1 | D16: 45855 | E16: Лента | G16: 45831.312 | H16: Изпратено запитване | I16: CT-0031 | J16: EMEC Srl | P16: =Table1[[#This Row],[Цена за 1 бр. в BGN]]*Table1[[#This Row],[Поръчано Количество]] -> 0 | S16: {=_xlfn.SWITCH(T16, "ivelikov@septona-bg.com", "Ivan Velikov", "andy@skuytov.eu", "Andrean Angelov", "ialeksandrov@septona-bg.com", "Ivailo Aleksandrov", "bgeorgiev@septona-bg.com", "Boris Georgiev", "iilev@septona-bg.com", "Ivailo Iliev", "dmitev@septona-bg.com", "Dimitar Mitev", "gkanchev@septona-bgc.com", "Georgi Kanchev", "s.kuytov@skuytov.eu", "Salim Kuytov", "istoyanova@septona-bg.com", "Ivelina Stoyanova", "ddimitrova@septona-bg.com", "Doroteya Dimitrova", "smehandzhieva@septona-bg.com", "Stiliana Mehandzhieva", "Unknown" )} -> Unknown
A17: балон за разширителен съд NEX 80LT 10bar ser.N 332714-032 | B17: 2 | D17: 45841 | E17: Лента | G17: 45831.314 | J17: МИКРОМАКС ТРЕЙД | P17: =Table1[[#This Row],[Цена за 1 бр. в BGN]]*Table1[[#This Row],[Поръчано Количество]] -> 0 | S17: {=_xlfn.SWITCH(T17, "ivelikov@septona-bg.com", "Ivan Velikov", "andy@skuytov.eu", "Andrean Angelov", "ialeksandrov@septona-bg.com", "Ivailo Aleksandrov", "bgeorgiev@septona-bg.com", "Boris Georgiev", "iilev@septona-bg.com", "Ivailo Iliev", "dmitev@septona-bg.com", "Dimitar Mitev", "gkanchev@septona-bgc.com", "Georgi Kanchev", "s.kuytov@skuytov.eu", "Salim Kuytov", "istoyanova@septona-bg.com", "Ivelina Stoyanova", "ddimitrova@septona-bg.com", "Doroteya Dimitrova", "smehandzhieva@septona-bg.com", "Stiliana Mehandzhieva", "Unknown" )} -> Unknown
A18: прекъсвач telemecanique AC -21A 63A Ithe 50A V3 3R0917 | B18: 2 | D18: 45841 | E18: Лента | G18: 45831.321 | J18: ЕХНАТОН | P18: =Table1[[#This Row],[Цена за 1 бр. в BGN]]*Table1[[#This Row],[Поръчано Количество]] -> 0 | S18: {=_xlfn.SWITCH(T18, "ivelikov@septona-bg.com", "Ivan Velikov", "andy@skuytov.eu", "Andrean Angelov", "ialeksandrov@septona-bg.com", "Ivailo Aleksandrov", "bgeorgiev@septona-bg.com", "Boris Georgiev", "iilev@septona-bg.com", "Ivailo Iliev", "dmitev@septona-bg.com", "Dimitar Mitev", "gkanchev@septona-bgc.com", "Georgi Kanchev", "s.kuytov@skuytov.eu", "Salim Kuytov", "istoyanova@septona-bg.com", "Ivelina Stoyanova", "ddimitrova@septona-bg.com", "Doroteya Dimitrova", "smehandzhieva@septona-bg.com", "Stiliana Mehandzhieva", "Unknown" )} -> Unknown
A19: лагер RA103-NPP INA (CES.206-19) | B19: 8 | D19: 45848 | E19: Корпус 6, нова поточна линия памучна лента | G19: 45834.183 | H19: Доставено | I19: CT-0021 | J19: PROXTEAM | P19: =Table1[[#This Row],[Цена за 1 бр. в BGN]]*Table1[[#This Row],[Поръчано Количество]] -> 0 | S19: {=_xlfn.SWITCH(T19, "ivelikov@septona-bg.com", "Ivan Velikov", "andy@skuytov.eu", "Andrean Angelov", "ialeksandrov@septona-bg.com", "Ivailo Aleksandrov", "bgeorgiev@septona-bg.com", "Boris Georgiev", "iilev@septona-bg.com", "Ivailo Iliev", "dmitev@septona-bg.com", "Dimitar Mitev", "gkanchev@septona-bgc.com", "Georgi Kanchev", "s.kuytov@skuytov.eu", "Salim Kuytov", "istoyanova@septona-bg.com", "Ivelina Stoyanova", "ddimitrova@septona-bg.com", "Doroteya Dimitrova", "smehandzhieva@septona-bg.com", "Stiliana Mehandzhieva", "Unknown" )} -> Unknown
A20: ос за редуктор (300620251_Shaft for EMEMBI) | B20: 2 | C20: 2 | D20: 45841 | E20: Корпус 6, нова поточна линия памучна лента | G20: 45834.198 | H20: Доставено | J20: Зъбонарязване - петко | P20: =Table1[[#This Row],[Цена за 1 бр. в BGN]]*Table1[[#This Row],[Поръчано Количество]] -> 0 | S20: {=_xlfn.SWITCH(T20, "ivelikov@septona-bg.com", "Ivan Velikov", "andy@skuytov.eu", "Andrean Angelov", "ialeksandrov@septona-bg.com", "Ivailo Aleksandrov", "bgeorgiev@septona-bg.com", "Boris Georgiev", "iilev@septona-bg.com", "Ivailo Iliev", "dmitev@septona-bg.com", "Dimitar Mitev", "gkanchev@septona-bgc.com", "Georgi Kanchev", "s.kuytov@skuytov.eu", "Salim Kuytov", "istoyanova@septona-bg.com", "Ivelina Stoyanova", "ddimitrova@septona-bg.com", "Doroteya Dimitrova", "smehandzhieva@septona-bg.com", "Stiliana Mehandzhieva", "Unknown" )} -> Unknown
A21: магнит винтил ORIF. 2.4 W. 3N.C PRES.10 AC | B21: 6 | D21: 45842 | E21: Лента | G21: 45835.504 | J21: МИКРОМАКС ТРЕЙД | P21: =Table1[[#This Row],[Цена за 1 бр. в BGN]]*Table1[[#This Row],[Поръчано Количество]] -> 0 | S21: {=_xlfn.SWITCH(T21, "ivelikov@septona-bg.com", "Ivan Velikov", "andy@skuytov.eu", "Andrean Angelov", "ialeksandrov@septona-bg.com", "Ivailo Aleksandrov", "bgeorgiev@septona-bg.com", "Boris Georgiev", "iilev@septona-bg.com", "Ivailo Iliev", "dmitev@septona-bg.com", "Dimitar Mitev", "gkanchev@septona-bgc.com", "Georgi Kanchev", "s.kuytov@skuytov.eu", "Salim Kuytov", "istoyanova@septona-bg.com", "Ivelina Stoyanova", "ddimitrova@septona-bg.com", "Doroteya Dimitrova", "smehandzhieva@septona-bg.com", "Stiliana Mehandzhieva", "Unknown" )} -> Unknown
A22: допълнителен контактор SCHRACK LSZ0D140F 4S/4NO | B22: 2 | D22: 45848 | E22: Лента | G22: 45836.209 | H22: Доставено | J22: Schrack.bg | P22: =Table1[[#This Row],[Цена за 1 бр. в BGN]]*Table1[[#This Row],[Поръчано Количество]] -> 0 | S22: {=_xlfn.SWITCH(T22, "ivelikov@septona-bg.com", "Ivan Velikov", "andy@skuytov.eu", "Andrean Angelov", "ialeksandrov@septona-bg.com", "Ivailo Aleksandrov", "bgeorgiev@septona-bg.com", "Boris Georgiev", "iilev@septona-bg.com", "Ivailo Iliev", "dmitev@septona-bg.com", "Dimitar Mitev", "gkanchev@septona-bgc.com", "Georgi Kanchev", "s.kuytov@skuytov.eu", "Salim Kuytov", "istoyanova@septona-bg.com", "Ivelina Stoyanova", "ddimitrova@septona-bg.com", "Doroteya Dimitrova", "smehandzhieva@septona-bg.com", "Stiliana Mehandzhieva", "Unknown" )} -> Unknown
A23: контактор SCHRACK LSD01730 AC 7,5kW 400V БОБИНА 24V 50Hz | B23: 2 | D23: 45848 | E23: Лента | G23: 45836.21 | J23: Schrack.bg | P23: =Table1[[#This Row],[Цена за 1 бр. в BGN]]*Table1[[#This Row],[Поръчано Количество]] -> 0 | S23: {=_xlfn.SWITCH(T23, "ivelikov@septona-bg.com", "Ivan Velikov", "andy@skuytov.eu", "Andrean Angelov", "ialeksandrov@septona-bg.com", "Ivailo Aleksandrov", "bgeorgiev@septona-bg.com", "Boris Georgiev", "iilev@septona-bg.com", "Ivailo Iliev", "dmitev@septona-bg.com", "Dimitar Mitev", "gkanchev@septona-bgc.com", "Georgi Kanchev", "s.kuytov@skuytov.eu", "Salim Kuytov", "istoyanova@septona-bg.com", "Ivelina Stoyanova", "ddimitrova@septona-bg.com", "Doroteya Dimitrova", "smehandzhieva@septona-bg.com", "Stiliana Mehandzhieva", "Unknown" )} -> Unknown
A24: РЕЛЕ GEM-SOL 24V 50Hz 8W | B24: 6 | D24: 45848 | E24: Лента | G24: 45836.211 | P24: =Table1[[#This Row],[Цена за 1 бр. в BGN]]*Table1[[#This Row],[Поръчано Количество]] -> 0 | S24: {=_xlfn.SWITCH(T24, "ivelikov@septona-bg.com", "Ivan Velikov", "andy@skuytov.eu", "Andrean Angelov", "ialeksandrov@septona-bg.com", "Ivailo Aleksandrov", "bgeorgiev@septona-bg.com", "Boris Georgiev", "iilev@septona-bg.com", "Ivailo Iliev", "dmitev@septona-bg.com", "Dimitar Mitev", "gkanchev@septona-bgc.com", "Georgi Kanchev", "s.kuytov@skuytov.eu", "Salim Kuytov", "istoyanova@septona-bg.com", "Ivelina Stoyanova", "ddimitrova@septona-bg.com", "Doroteya Dimitrova", "smehandzhieva@septona-bg.com", "Stiliana Mehandzhieva", "Unknown" )} -> Unknown
A25: болт вътрешен шестостен М10х65 за пакетаж | B25: 200 | C25: 200 | D25: 45841 | E25: Лента | G25: 45838.167 | H25: Доставено | J25: ИТТ | O25: =98.35/100 -> 0.9835 | P25: =Table1[[#This Row],[Цена за 1 бр. в BGN]]*Table1[[#This Row],[Поръчано Количество]] -> 196.7 | S25: {=_xlfn.SWITCH(T25, "ivelikov@septona-bg.com", "Ivan Velikov", "andy@skuytov.eu", "Andrean Angelov", "ialeksandrov@septona-bg.com", "Ivailo Aleksandrov", "bgeorgiev@septona-bg.com", "Boris Georgiev", "iilev@septona-bg.com", "Ivailo Iliev", "dmitev@septona-bg.com", "Dimitar Mitev", "gkanchev@septona-bgc.com", "Georgi Kanchev", "s.kuytov@skuytov.eu", "Salim Kuytov", "istoyanova@septona-bg.com", "Ivelina Stoyanova", "ddimitrova@septona-bg.com", "Doroteya Dimitrova", "smehandzhieva@septona-bg.com", "Stiliana Mehandzhieva", "Unknown" )} -> Unknown
A26: гайка М10 | B26: 150 | D26: 45841 | E26: Лента | G26: 45838.167 | H26: Доставено | J26: ИТТ | O26: 0.07 | P26: =Table1[[#This Row],[Цена за 1 бр. в BGN]]*Table1[[#This Row],[Поръчано Количество]] -> 0 | S26: {=_xlfn.SWITCH(T26, "ivelikov@septona-bg.com", "Ivan Velikov", "andy@skuytov.eu", "Andrean Angelov", "ialeksandrov@septona-bg.com", "Ivailo Aleksandrov", "bgeorgiev@septona-bg.com", "Boris Georgiev", "iilev@septona-bg.com", "Ivailo Iliev", "dmitev@septona-bg.com", "Dimitar Mitev", "gkanchev@septona-bgc.com", "Georgi Kanchev", "s.kuytov@skuytov.eu", "Salim Kuytov", "istoyanova@septona-bg.com", "Ivelina Stoyanova", "ddimitrova@septona-bg.com", "Doroteya Dimitrova", "smehandzhieva@septona-bg.com", "Stiliana Mehandzhieva", "Unknown" )} -> Unknown
A27: съединителни звена за верига 08В-1 | B27: 50 | D27: 45841 | E27: Лента | G27: 45838.168 | H27: Доставено | I27: CT-0021 | J27: PROXTEAM | P27: =Table1[[#This Row],[Цена за 1 бр. в BGN]]*Table1[[#This Row],[Поръчано Количество]] -> 0 | S27: {=_xlfn.SWITCH(T27, "ivelikov@septona-bg.com", "Ivan Velikov", "andy@skuytov.eu", "Andrean Angelov", "ialeksandrov@septona-bg.com", "Ivailo Aleksandrov", "bgeorgiev@septona-bg.com", "Boris Georgiev", "iilev@septona-bg.com", "Ivailo Iliev", "dmitev@septona-bg.com", "Dimitar Mitev", "gkanchev@septona-bgc.com", "Georgi Kanchev", "s.kuytov@skuytov.eu", "Salim Kuytov", "istoyanova@septona-bg.com", "Ivelina Stoyanova", "ddimitrova@septona-bg.com", "Doroteya Dimitrova", "smehandzhieva@septona-bg.com", "Stiliana Mehandzhieva", "Unknown" )} -> Unknown
A28: прозрачен шлаух ф10 | B28: 100 | D28: 45841 | E28: Лента | G28: 45838.169 | H28: Доставено | J28: viautomation | P28: =Table1[[#This Row],[Цена за 1 бр. в BGN]]*Table1[[#This Row],[Поръчано Количество]] -> 0 | S28: {=_xlfn.SWITCH(T28, "ivelikov@septona-bg.com", "Ivan Velikov", "andy@skuytov.eu", "Andrean Angelov", "ialeksandrov@septona-bg.com", "Ivailo Aleksandrov", "bgeorgiev@septona-bg.com", "Boris Georgiev", "iilev@septona-bg.com", "Ivailo Iliev", "dmitev@septona-bg.com", "Dimitar Mitev", "gkanchev@septona-bgc.com", "Georgi Kanchev", "s.kuytov@skuytov.eu", "Salim Kuytov", "istoyanova@septona-bg.com", "Ivelina Stoyanova", "ddimitrova@septona-bg.com", "Doroteya Dimitrova", "smehandzhieva@septona-bg.com", "Stiliana Mehandzhieva", "Unknown" )} -> Unknown
A29: звездогаечен ключ 14 | B29: 3 | C29: 3 | D29: 45841 | E29: Инструменти | G29: 45838.322 | H29: Доставено | J29: Bekra | M29: 45917 | N29: 3 | O29: 8.127 | P29: =Table1[[#This Row],[Цена за 1 бр. в BGN]]*Table1[[#This Row],[Поръчано Количество]] -> 24.381 | Q29: 1000455532-15.09.2025 | S29: {=_xlfn.SWITCH(T29, "ivelikov@septona-bg.com", "Ivan Velikov", "andy@skuytov.eu", "Andrean Angelov", "ialeksandrov@septona-bg.com", "Ivailo Aleksandrov", "bgeorgiev@septona-bg.com", "Boris Georgiev", "iilev@septona-bg.com", "Ivailo Iliev", "dmitev@septona-bg.com", "Dimitar Mitev", "gkanchev@septona-bgc.com", "Georgi Kanchev", "s.kuytov@skuytov.eu", "Salim Kuytov", "istoyanova@septona-bg.com", "Ivelina Stoyanova", "ddimitrova@septona-bg.com", "Doroteya Dimitrova", "smehandzhieva@septona-bg.com", "Stiliana Mehandzhieva", "Unknown" )} -> Unknown
A30: шестограм дълъг N 3 | B30: 4 | D30: 45841 | E30: Инструменти | G30: 45838.322 | H30: Доставено | I30: CT-0024 | J30: ИТТ | P30: =Table1[[#This Row],[Цена за 1 бр. в BGN]]*Table1[[#This Row],[Поръчано Количество]] -> 0 | S30: {=_xlfn.SWITCH(T30, "ivelikov@septona-bg.com", "Ivan Velikov", "andy@skuytov.eu", "Andrean Angelov", "ialeksandrov@septona-bg.com", "Ivailo Aleksandrov", "bgeorgiev@septona-bg.com", "Boris Georgiev", "iilev@septona-bg.com", "Ivailo Iliev", "dmitev@septona-bg.com", "Dimitar Mitev", "gkanchev@septona-bgc.com", "Georgi Kanchev", "s.kuytov@skuytov.eu", "Salim Kuytov", "istoyanova@septona-bg.com", "Ivelina Stoyanova", "ddimitrova@septona-bg.com", "Doroteya Dimitrova", "smehandzhieva@septona-bg.com", "Stiliana Mehandzhieva", "Unknown" )} -> Unknown
A31: шестограм дълъг N 8 | B31: 4 | D31: 45841 | E31: Инструменти | G31: 45838.322 | H31: Доставено | I31: CT-0024 | J31: RECA | P31: =Table1[[#This Row],[Цена за 1 бр. в BGN]]*Table1[[#This Row],[Поръчано Количество]] -> 0 | S31: {=_xlfn.SWITCH(T31, "ivelikov@septona-bg.com", "Ivan Velikov", "andy@skuytov.eu", "Andrean Angelov", "ialeksandrov@septona-bg.com", "Ivailo Aleksandrov", "bgeorgiev@septona-bg.com", "Boris Georgiev", "iilev@septona-bg.com", "Ivailo Iliev", "dmitev@septona-bg.com", "Dimitar Mitev", "gkanchev@septona-bgc.com", "Georgi Kanchev", "s.kuytov@skuytov.eu", "Salim Kuytov", "istoyanova@septona-bg.com", "Ivelina Stoyanova", "ddimitrova@septona-bg.com", "Doroteya Dimitrova", "smehandzhieva@septona-bg.com", "Stiliana Mehandzhieva", "Unknown" )} -> Unknown
A32: шестограм дълъг N 5 | B32: 4 | C32: 4 | D32: 45841 | E32: Инструменти | G32: 45838.323 | H32: Доставено | I32: CT-0024 | J32: Bekra | N32: 4 | O32: 3.3863 | P32: =Table1[[#This Row],[Цена за 1 бр. в BGN]]*Table1[[#This Row],[Поръчано Количество]] -> 13.5452 | S32: {=_xlfn.SWITCH(T32, "ivelikov@septona-bg.com", "Ivan Velikov", "andy@skuytov.eu", "Andrean Angelov", "ialeksandrov@septona-bg.com", "Ivailo Aleksandrov", "bgeorgiev@septona-bg.com", "Boris Georgiev", "iilev@septona-bg.com", "Ivailo Iliev", "dmitev@septona-bg.com", "Dimitar Mitev", "gkanchev@septona-bgc.com", "Georgi Kanchev", "s.kuytov@skuytov.eu", "Salim Kuytov", "istoyanova@septona-bg.com", "Ivelina Stoyanova", "ddimitrova@septona-bg.com", "Doroteya Dimitrova", "smehandzhieva@septona-bg.com", "Stiliana Mehandzhieva", "Unknown" )} -> Unknown
A33: прозрачен шлаух ф16 | B33: 10 | D33: 45841 | E33: Корпус 6, нова поточна линия памучна лента | G33: 45838.324 | H33: Доставено | I33: CT-0038 | J33: LD | P33: =Table1[[#This Row],[Цена за 1 бр. в BGN]]*Table1[[#This Row],[Поръчано Количество]] -> 0 | S33: {=_xlfn.SWITCH(T33, "ivelikov@septona-bg.com", "Ivan Velikov", "andy@skuytov.eu", "Andrean Angelov", "ialeksandrov@septona-bg.com", "Ivailo Aleksandrov", "bgeorgiev@septona-bg.com", "Boris Georgiev", "iilev@septona-bg.com", "Ivailo Iliev", "dmitev@septona-bg.com", "Dimitar Mitev", "gkanchev@septona-bgc.com", "Georgi Kanchev", "s.kuytov@skuytov.eu", "Salim Kuytov", "istoyanova@septona-bg.com", "Ivelina Stoyanova", "ddimitrova@septona-bg.com", "Doroteya Dimitrova", "smehandzhieva@septona-bg.com", "Stiliana Mehandzhieva", "Unknown" )} -> Unknown
A34: дълбоки камъни за малка тресчотка N10 Вложка удължена 1/4" BFD SW10 L-50mm 339210 | B34: 3 | D34: 45847 | E34: Инструменти | G34: 45840.265 | H34: Доставено | I34: CT-0024 | J34: Бекра ООД | P34: =Table1[[#This Row],[Цена за 1 бр. в BGN]]*Table1[[#This Row],[Поръчано Количество]] -> 0 | S34: {=_xlfn.SWITCH(T34, "ivelikov@septona-bg.com", "Ivan Velikov", "andy@skuytov.eu", "Andrean Angelov", "ialeksandrov@septona-bg.com", "Ivailo Aleksandrov", "bgeorgiev@septona-bg.com", "Boris Georgiev", "iilev@septona-bg.com", "Ivailo Iliev", "dmitev@septona-bg.com", "Dimitar Mitev", "gkanchev@septona-bgc.com", "Georgi Kanchev", "s.kuytov@skuytov.eu", "Salim Kuytov", "istoyanova@septona-bg.com", "Ivelina Stoyanova", "ddimitrova@septona-bg.com", "Doroteya Dimitrova", "smehandzhieva@septona-bg.com", "Stiliana Mehandzhieva", "Unknown" )} -> Unknown
A35: дълбоки камъни за малка тресчотка N13 Вложка удължена 1/4" BFD SW13 L-50mm 417068 | B35: 3 | C35: 3 | D35: 45846 | E35: Инструменти | G35: 45840.279 | H35: Доставено | I35: CT-0024 | J35: Бекра ООД | N35: 3 | O35: 6.4436 | P35: =Table1[[#This Row],[Цена за 1 бр. в BGN]]*Table1[[#This Row],[Поръчано Количество]] -> 19.3308 | Q35: 1000455532-15.09.2025 | S35: {=_xlfn.SWITCH(T35, "ivelikov@septona-bg.com", "Ivan Velikov", "andy@skuytov.eu", "Andrean Angelov", "ialeksandrov@septona-bg.com", "Ivailo Aleksandrov", "bgeorgiev@septona-bg.com", "Boris Georgiev", "iilev@septona-bg.com", "Ivailo Iliev", "dmitev@septona-bg.com", "Dimitar Mitev", "gkanchev@septona-bgc.com", "Georgi Kanchev", "s.kuytov@skuytov.eu", "Salim Kuytov", "istoyanova@septona-bg.com", "Ivelina Stoyanova", "ddimitrova@septona-bg.com", "Doroteya Dimitrova", "smehandzhieva@septona-bg.com", "Stiliana Mehandzhieva", "Unknown" )} -> Unknown
A36: дълбоки камъни за голяма тресчотка N15 Вложка удължена 1/4" BFD SW15 L-77mm 171394 | B36: 2 | C36: 2 | D36: 45846 | E36: Инструменти | G36: 45840.279 | H36: Доставено | I36: CT-0024 | J36: Бекра ООД | N36: 2 | O36: 11.2338 | P36: =Table1[[#This Row],[Цена за 1 бр. в BGN]]*Table1[[#This Row],[Поръчано Количество]] -> 22.4676 | Q36: 1000455532-15.09.2025 | S36: {=_xlfn.SWITCH(T36, "ivelikov@septona-bg.com", "Ivan Velikov", "andy@skuytov.eu", "Andrean Angelov", "ialeksandrov@septona-bg.com", "Ivailo Aleksandrov", "bgeorgiev@septona-bg.com", "Boris Georgiev", "iilev@septona-bg.com", "Ivailo Iliev", "dmitev@septona-bg.com", "Dimitar Mitev", "gkanchev@septona-bgc.com", "Georgi Kanchev", "s.kuytov@skuytov.eu", "Salim Kuytov", "istoyanova@septona-bg.com", "Ivelina Stoyanova", "ddimitrova@septona-bg.com", "Doroteya Dimitrova", "smehandzhieva@septona-bg.com", "Stiliana Mehandzhieva", "Unknown" )} -> Unknown
A37: камъни за малка тресчотка N13 Вложка 1/4" BFD SW13 L-25mm 372688\ | B37: 3 | C37: 3 | D37: 45840 | E37: Инструменти | G37: 45840.28 | H37: Доставено | I37: CT-0024 | J37: Бекра ООД | P37: =Table1[[#This Row],[Цена за 1 бр. в BGN]]*Table1[[#This Row],[Поръчано Количество]] -> 0 | Q37: 1000455532-15.09.2025 | S37: {=_xlfn.SWITCH(T37, "ivelikov@septona-bg.com", "Ivan Velikov", "andy@skuytov.eu", "Andrean Angelov", "ialeksandrov@septona-bg.com", "Ivailo Aleksandrov", "bgeorgiev@septona-bg.com", "Boris Georgiev", "iilev@septona-bg.com", "Ivailo Iliev", "dmitev@septona-bg.com", "Dimitar Mitev", "gkanchev@septona-bgc.com", "Georgi Kanchev", "s.kuytov@skuytov.eu", "Salim Kuytov", "istoyanova@septona-bg.com", "Ivelina Stoyanova", "ddimitrova@septona-bg.com", "Doroteya Dimitrova", "smehandzhieva@septona-bg.com", "Stiliana Mehandzhieva", "Unknown" )} -> Unknown
A38: камъни за малка тресчотка N8 Вложка 1/4" BFD SW8 L-25mm 372683 | B38: 3 | C38: 3 | D38: 45840 | E38: Инструменти | G38: 45840.281 | H38: Доставено | I38: CT-0024 | J38: Бекра ООД | N38: 3 | O38: 1.877 | P38: =Table1[[#This Row],[Цена за 1 бр. в BGN]]*Table1[[#This Row],[Поръчано Количество]] -> 5.631 | Q38: 1000455532-15.09.2025 | S38: {=_xlfn.SWITCH(T38, "ivelikov@septona-bg.com", "Ivan Velikov", "andy@skuytov.eu", "Andrean Angelov", "ialeksandrov@septona-bg.com", "Ivailo Aleksandrov", "bgeorgiev@septona-bg.com", "Boris Georgiev", "iilev@septona-bg.com", "Ivailo Iliev", "dmitev@septona-bg.com", "Dimitar Mitev", "gkanchev@septona-bgc.com", "Georgi Kanchev", "s.kuytov@skuytov.eu", "Salim Kuytov", "istoyanova@septona-bg.com", "Ivelina Stoyanova", "ddimitrova@septona-bg.com", "Doroteya Dimitrova", "smehandzhieva@septona-bg.com", "Stiliana Mehandzhieva", "Unknown" )} -> Unknown
A39: камъни за малка тресчотка N7 Вложка 1/4" BFD SW7 L-25mm 372682 | B39: 3 | C39: 3 | D39: 45840 | E39: Инструменти | G39: 45840.281 | H39: Доставено | I39: CT-0024 | J39: Бекра ООД | N39: 3 | O39: 2.0334 | P39: =Table1[[#This Row],[Цена за 1 бр. в BGN]]*Table1[[#This Row],[Поръчано Количество]] -> 6.1002 | Q39: 1000455532-15.09.2025 | S39: {=_xlfn.SWITCH(T39, "ivelikov@septona-bg.com", "Ivan Velikov", "andy@skuytov.eu", "Andrean Angelov", "ialeksandrov@septona-bg.com", "Ivailo Aleksandrov", "bgeorgiev@septona-bg.com", "Boris Georgiev", "iilev@septona-bg.com", "Ivailo Iliev", "dmitev@septona-bg.com", "Dimitar Mitev", "gkanchev@septona-bgc.com", "Georgi Kanchev", "s.kuytov@skuytov.eu", "Salim Kuytov", "istoyanova@septona-bg.com", "Ivelina Stoyanova", "ddimitrova@septona-bg.com", "Doroteya Dimitrova", "smehandzhieva@septona-bg.com", "Stiliana Mehandzhieva", "Unknown" )} -> Unknown
A40: верига 08В-1 5м | B40: 4 | C40: 4 | D40: 45854 | E40: Лента | G40: 45840.281 | H40: Доставено | I40: CT-0021 | J40: PROXTEAM | N40: 1 | O40: 45.15 | P40: =Table1[[#This Row],[Цена за 1 бр. в BGN]]*Table1[[#This Row],[Поръчано Количество]] -> 180.6 | S40: {=_xlfn.SWITCH(T40, "ivelikov@septona-bg.com", "Ivan Velikov", "andy@skuytov.eu", "Andrean Angelov", "ialeksandrov@septona-bg.com", "Ivailo Aleksandrov", "bgeorgiev@septona-bg.com", "Boris Georgiev", "iilev@septona-bg.com", "Ivailo Iliev", "dmitev@septona-bg.com", "Dimitar Mitev", "gkanchev@septona-bgc.com", "Georgi Kanchev", "s.kuytov@skuytov.eu", "Salim Kuytov", "istoyanova@septona-bg.com", "Ivelina Stoyanova", "ddimitrova@septona-bg.com", "Doroteya Dimitrova", "smehandzhieva@septona-bg.com", "Stiliana Mehandzhieva", "Unknown" )} -> Unknown
A41: дълбоки камъни за голяма тресчотка N19 ВЛОЖКА 1/2" bfd sw19 l-38MM 372732 | B41: 2 | D41: 45840 | E41: Инструменти | G41: 45840.279 | H41: Доставено | I41: CT-0024 | J41: Бекра ООД | P41: =Table1[[#This Row],[Цена за 1 бр. в BGN]]*Table1[[#This Row],[Поръчано Количество]] -> 0 | S41: {=_xlfn.SWITCH(T41, "ivelikov@septona-bg.com", "Ivan Velikov", "andy@skuytov.eu", "Andrean Angelov", "ialeksandrov@septona-bg.com", "Ivailo Aleksandrov", "bgeorgiev@septona-bg.com", "Boris Georgiev", "iilev@septona-bg.com", "Ivailo Iliev", "dmitev@septona-bg.com", "Dimitar Mitev", "gkanchev@septona-bgc.com", "Georgi Kanchev", "s.kuytov@skuytov.eu", "Salim Kuytov", "istoyanova@septona-bg.com", "Ivelina Stoyanova", "ddimitrova@septona-bg.com", "Doroteya Dimitrova", "smehandzhieva@septona-bg.com", "Stiliana Mehandzhieva", "Unknown" )} -> Unknown
A42: TRIDONIC LC57/1050/54 fixC ip snc2. Символ TME: 28004143 | B42: 6 | D42: 45848 | E42: Лента | G42: 45840.38 | J42: TME | P42: =Table1[[#This Row],[Цена за 1 бр. в BGN]]*Table1[[#This Row],[Поръчано Количество]] -> 0 | S42: {=_xlfn.SWITCH(T42, "ivelikov@septona-bg.com", "Ivan Velikov", "andy@skuytov.eu", "Andrean Angelov", "ialeksandrov@septona-bg.com", "Ivailo Aleksandrov", "bgeorgiev@septona-bg.com", "Boris Georgiev", "iilev@septona-bg.com", "Ivailo Iliev", "dmitev@septona-bg.com", "Dimitar Mitev", "gkanchev@septona-bgc.com", "Georgi Kanchev", "s.kuytov@skuytov.eu", "Salim Kuytov", "istoyanova@septona-bg.com", "Ivelina Stoyanova", "ddimitrova@septona-bg.com", "Doroteya Dimitrova", "smehandzhieva@septona-bg.com", "Stiliana Mehandzhieva", "Unknown" )} -> Unknown
A43: кутия с резци за големи макетни ножове | B43: 2 | C43: 2 | D43: 45855 | E43: Инструменти | G43: 45854.199 | H43: Доставено | J43: ИТТ | P43: =Table1[[#This Row],[Цена за 1 бр. в BGN]]*Table1[[#This Row],[Поръчано Количество]] -> 0 | S43: {=_xlfn.SWITCH(T43, "ivelikov@septona-bg.com", "Ivan Velikov", "andy@skuytov.eu", "Andrean Angelov", "ialeksandrov@septona-bg.com", "Ivailo Aleksandrov", "bgeorgiev@septona-bg.com", "Boris Georgiev", "iilev@septona-bg.com", "Ivailo Iliev", "dmitev@septona-bg.com", "Dimitar Mitev", "gkanchev@septona-bgc.com", "Georgi Kanchev", "s.kuytov@skuytov.eu", "Salim Kuytov", "istoyanova@septona-bg.com", "Ivelina Stoyanova", "ddimitrova@septona-bg.com", "Doroteya Dimitrova", "smehandzhieva@septona-bg.com", "Stiliana Mehandzhieva", "Unknown" )} -> Unknown
A44: спрей бяла боя RALb9016 | B44: 4 | D44: 45855 | E44: Нишка | G44: 45854.501 | H44: Доставено | J44: Колор комерс-В ЕООД | P44: =Table1[[#This Row],[Цена за 1 бр. в BGN]]*Table1[[#This Row],[Поръчано Количество]] -> 0 | S44: {=_xlfn.SWITCH(T44, "ivelikov@septona-bg.com", "Ivan Velikov", "andy@skuytov.eu", "Andrean Angelov", "ialeksandrov@septona-bg.com", "Ivailo Aleksandrov", "bgeorgiev@septona-bg.com", "Boris Georgiev", "iilev@septona-bg.com", "Ivailo Iliev", "dmitev@septona-bg.com", "Dimitar Mitev", "gkanchev@septona-bgc.com", "Georgi Kanchev", "s.kuytov@skuytov.eu", "Salim Kuytov", "istoyanova@septona-bg.com", "Ivelina Stoyanova", "ddimitrova@septona-bg.com", "Doroteya Dimitrova", "smehandzhieva@septona-bg.com", "Stiliana Mehandzhieva", "Unknown" )} -> Unknown
A45: Батерия SIEMENS 6ES7971-0BA00 | B45: 4 | C45: 4 | D45: 45722 | E45: Лента | G45: 45714.439 | H45: Доставено | I45: CT-0001 | J45: FILKAB | K45: 45736 | O45: 39.12 | P45: =Table1[[#This Row],[Цена за 1 бр. в BGN]]*Table1[[#This Row],[Поръчано Количество]] -> 156.48 | S45: {=_xlfn.SWITCH(T45, "ivelikov@septona-bg.com", "Ivan Velikov", "andy@skuytov.eu", "Andrean Angelov", "ialeksandrov@septona-bg.com", "Ivailo Aleksandrov", "bgeorgiev@septona-bg.com", "Boris Georgiev", "iilev@septona-bg.com", "Ivailo Iliev", "dmitev@septona-bg.com", "Dimitar Mitev", "gkanchev@septona-bgc.com", "Georgi Kanchev", "s.kuytov@skuytov.eu", "Salim Kuytov", "istoyanova@septona-bg.com", "Ivelina Stoyanova", "ddimitrova@septona-bg.com", "Doroteya Dimitrova", "smehandzhieva@septona-bg.com", "Stiliana Mehandzhieva", "Unknown" )} -> Unknown
A46: Telemecanique XS612B1PAM12 със по-голям обхват до 8мм | B46: 6 | D46: 45723 | E46: Нишка+Лента | G46: 45716.242 | H46: Изпратено запитване | J46: ЕХНАТОН | P46: =Table1[[#This Row],[Цена за 1 бр. в BGN]]*Table1[[#This Row],[Поръчано Количество]] -> 0 | S46: {=_xlfn.SWITCH(T46, "ivelikov@septona-bg.com", "Ivan Velikov", "andy@skuytov.eu", "Andrean Angelov", "ialeksandrov@septona-bg.com", "Ivailo Aleksandrov", "bgeorgiev@septona-bg.com", "Boris Georgiev", "iilev@septona-bg.com", "Ivailo Iliev", "dmitev@septona-bg.com", "Dimitar Mitev", "gkanchev@septona-bgc.com", "Georgi Kanchev", "s.kuytov@skuytov.eu", "Salim Kuytov", "istoyanova@septona-bg.com", "Ivelina Stoyanova", "ddimitrova@septona-bg.com", "Doroteya Dimitrova", "smehandzhieva@septona-bg.com", "Stiliana Mehandzhieva", "Unknown" )} -> Unknown
A47: Отвертка PZ 3x100 | B47: 3 | D47: 45723 | E47: Инструменти | G47: 45716.242 | H47: Доставено | I47: CT-0004 | J47: Бекра ООД | K47: 45692 | P47: =Table1[[#This Row],[Цена за 1 бр. в BGN]]*Table1[[#This Row],[Поръчано Количество]] -> 0 | S47: {=_xlfn.SWITCH(T47, "ivelikov@septona-bg.com", "Ivan Velikov", "andy@skuytov.eu", "Andrean Angelov", "ialeksandrov@septona-bg.com", "Ivailo Aleksandrov", "bgeorgiev@septona-bg.com", "Boris Georgiev", "iilev@septona-bg.com", "Ivailo Iliev", "dmitev@septona-bg.com", "Dimitar Mitev", "gkanchev@septona-bgc.com", "Georgi Kanchev", "s.kuytov@skuytov.eu", "Salim Kuytov", "istoyanova@septona-bg.com", "Ivelina Stoyanova", "ddimitrova@septona-bg.com", "Doroteya Dimitrova", "smehandzhieva@septona-bg.com", "Stiliana Mehandzhieva", "Unknown" )} -> Unknown
A48: Отвертка PZ 2x80 | B48: 3 | D48: 45723 | E48: Нишка+Лента | G48: 45716.242 | H48: Доставено | I48: CT-0004 | J48: Бекра ООД | K48: 45692 | P48: =Table1[[#This Row],[Цена за 1 бр. в BGN]]*Table1[[#This Row],[Поръчано Количество]] -> 0 | S48: {=_xlfn.SWITCH(T48, "ivelikov@septona-bg.com", "Ivan Velikov", "andy@skuytov.eu", "Andrean Angelov", "ialeksandrov@septona-bg.com", "Ivailo Aleksandrov", "bgeorgiev@septona-bg.com", "Boris Georgiev", "iilev@septona-bg.com", "Ivailo Iliev", "dmitev@septona-bg.com", "Dimitar Mitev", "gkanchev@septona-bgc.com", "Georgi Kanchev", "s.kuytov@skuytov.eu", "Salim Kuytov", "istoyanova@septona-bg.com", "Ivelina Stoyanova", "ddimitrova@septona-bg.com", "Doroteya Dimitrova", "smehandzhieva@septona-bg.com", "Stiliana Mehandzhieva", "Unknown" )} -> Unknown
A49: Отвертка SL 2x150 | B49: 3 | D49: 45723 | E49: Инструменти | G49: 45716.243 | H49: Доставено | I49: CT-0004 | J49: Бекра ООД | K49: 45692 | P49: =Table1[[#This Row],[Цена за 1 бр. в BGN]]*Table1[[#This Row],[Поръчано Количество]] -> 0 | S49: {=_xlfn.SWITCH(T49, "ivelikov@septona-bg.com", "Ivan Velikov", "andy@skuytov.eu", "Andrean Angelov", "ialeksandrov@septona-bg.com", "Ivailo Aleksandrov", "bgeorgiev@septona-bg.com", "Boris Georgiev", "iilev@septona-bg.com", "Ivailo Iliev", "dmitev@septona-bg.com", "Dimitar Mitev", "gkanchev@septona-bgc.com", "Georgi Kanchev", "s.kuytov@skuytov.eu", "Salim Kuytov", "istoyanova@septona-bg.com", "Ivelina Stoyanova", "ddimitrova@septona-bg.com", "Doroteya Dimitrova", "smehandzhieva@septona-bg.com", "Stiliana Mehandzhieva", "Unknown" )} -> Unknown
A50: Отвертка SL 2x100 | B50: 3 | D50: 45723 | E50: Нишка+Лента | G50: 45716.243 | H50: Доставено | I50: CT-0004 | J50: Бекра ООД | K50: 45692 | P50: =Table1[[#This Row],[Цена за 1 бр. в BGN]]*Table1[[#This Row],[Поръчано Количество]] -> 0 | S50: {=_xlfn.SWITCH(T50, "ivelikov@septona-bg.com", "Ivan Velikov", "andy@skuytov.eu", "Andrean Angelov", "ialeksandrov@septona-bg.com", "Ivailo Aleksandrov", "bgeorgiev@septona-bg.com", "Boris Georgiev", "iilev@septona-bg.com", "Ivailo Iliev", "dmitev@septona-bg.com", "Dimitar Mitev", "gkanchev@septona-bgc.com", "Georgi Kanchev", "s.kuytov@skuytov.eu", "Salim Kuytov", "istoyanova@septona-bg.com", "Ivelina Stoyanova", "ddimitrova@septona-bg.com", "Doroteya Dimitrova", "smehandzhieva@septona-bg.com", "Stiliana Mehandzhieva", "Unknown" )} -> Unknown
A51: Отвертка с накрайници | B51: 1 | C51: 1 | D51: 45723 | E51: Инструменти | G51: 45716.243 | H51: Доставено | I51: 161900 | J51: ИТТ | K51: 45722 | M51: 45722 | O51: 37.87 | P51: =Table1[[#This Row],[Цена за 1 бр. в BGN]]*Table1[[#This Row],[Поръчано Количество]] -> 37.87 | S51: {=_xlfn.SWITCH(T51, "ivelikov@septona-bg.com", "Ivan Velikov", "andy@skuytov.eu", "Andrean Angelov", "ialeksandrov@septona-bg.com", "Ivailo Aleksandrov", "bgeorgiev@septona-bg.com", "Boris Georgiev", "iilev@septona-bg.com", "Ivailo Iliev", "dmitev@septona-bg.com", "Dimitar Mitev", "gkanchev@septona-bgc.com", "Georgi Kanchev", "s.kuytov@skuytov.eu", "Salim Kuytov", "istoyanova@septona-bg.com", "Ivelina Stoyanova", "ddimitrova@septona-bg.com", "Doroteya Dimitrova", "smehandzhieva@septona-bg.com", "Stiliana Mehandzhieva", "Unknown" )} -> Unknown
A52: Ремък BB158 4065 | B52: 10 | C52: 10 | D52: 45723 | E52: Нишка+Лента | G52: 45716.273 | H52: Доставено | I52: CM-0004 | J52: Триера ООД | K52: 45779 | O52: 230.15 | P52: =Table1[[#This Row],[Цена за 1 бр. в BGN]]*Table1[[#This Row],[Поръчано Количество]] -> 2301.5 | S52: {=_xlfn.SWITCH(T52, "ivelikov@septona-bg.com", "Ivan Velikov", "andy@skuytov.eu", "Andrean Angelov", "ialeksandrov@septona-bg.com", "Ivailo Aleksandrov", "bgeorgiev@septona-bg.com", "Boris Georgiev", "iilev@septona-bg.com", "Ivailo Iliev", "dmitev@septona-bg.com", "Dimitar Mitev", "gkanchev@septona-bgc.com", "Georgi Kanchev", "s.kuytov@skuytov.eu", "Salim Kuytov", "istoyanova@septona-bg.com", "Ivelina Stoyanova", "ddimitrova@septona-bg.com", "Doroteya Dimitrova", "smehandzhieva@septona-bg.com", "Stiliana Mehandzhieva", "Unknown" )} -> Unknown
A53: Цанги прави 6мм --> 6mm Festo QSMK-6 153440 | B53: 10 | C53: 20 | D53: 45723 | E53: Нишка+Лента | G53: 45716.275 | H53: Доставено | I53: CBP & CT 0001/2535091440 | J53: FESTO | K53: 45748 | M53: 45748 | O53: 11.86 | P53: =Table1[[#This Row],[Цена за 1 бр. в BGN]]*Table1[[#This Row],[Поръчано Количество]] -> 237.2 | S53: {=_xlfn.SWITCH(T53, "ivelikov@septona-bg.com", "Ivan Velikov", "andy@skuytov.eu", "Andrean Angelov", "ialeksandrov@septona-bg.com", "Ivailo Aleksandrov", "bgeorgiev@septona-bg.com", "Boris Georgiev", "iilev@septona-bg.com", "Ivailo Iliev", "dmitev@septona-bg.com", "Dimitar Mitev", "gkanchev@septona-bgc.com", "Georgi Kanchev", "s.kuytov@skuytov.eu", "Salim Kuytov", "istoyanova@septona-bg.com", "Ivelina Stoyanova", "ddimitrova@septona-bg.com", "Doroteya Dimitrova", "smehandzhieva@septona-bg.com", "Stiliana Mehandzhieva", "Unknown" )} -> Unknown
A54: Болт с външен шестостенна M8x25 | B54: 30 | C54: 30 | D54: 45723 | E54: Нишка+Лента | G54: 45716.276 | H54: Доставено | I54: 161900 | J54: ИТТ | K54: 45722 | M54: 45722 | O54: 0.106333 | P54: =Table1[[#This Row],[Цена за 1 бр. в BGN]]*Table1[[#This Row],[Поръчано Количество]] -> 3.18999 | S54: {=_xlfn.SWITCH(T54, "ivelikov@septona-bg.com", "Ivan Velikov", "andy@skuytov.eu", "Andrean Angelov", "ialeksandrov@septona-bg.com", "Ivailo Aleksandrov", "bgeorgiev@septona-bg.com", "Boris Georgiev", "iilev@septona-bg.com", "Ivailo Iliev", "dmitev@septona-bg.com", "Dimitar Mitev", "gkanchev@septona-bgc.com", "Georgi Kanchev", "s.kuytov@skuytov.eu", "Salim Kuytov", "istoyanova@septona-bg.com", "Ivelina Stoyanova", "ddimitrova@septona-bg.com", "Doroteya Dimitrova", "smehandzhieva@septona-bg.com", "Stiliana Mehandzhieva", "Unknown" )} -> Unknown
A55: Болт с външен шестостенна M8x30 | B55: 30 | C55: 30 | D55: 45723 | E55: Нишка+Лента | G55: 45716.276 | H55: Доставено | I55: 161900 | J55: ИТТ | K55: 45722 | M55: 45722 | O55: 0.1186 | P55: =Table1[[#This Row],[Цена за 1 бр. в BGN]]*Table1[[#This Row],[Поръчано Количество]] -> 3.558 | S55: {=_xlfn.SWITCH(T55, "ivelikov@septona-bg.com", "Ivan Velikov", "andy@skuytov.eu", "Andrean Angelov", "ialeksandrov@septona-bg.com", "Ivailo Aleksandrov", "bgeorgiev@septona-bg.com", "Boris Georgiev", "iilev@septona-bg.com", "Ivailo Iliev", "dmitev@septona-bg.com", "Dimitar Mitev", "gkanchev@septona-bgc.com", "Georgi Kanchev", "s.kuytov@skuytov.eu", "Salim Kuytov", "istoyanova@septona-bg.com", "Ivelina Stoyanova", "ddimitrova@septona-bg.com", "Doroteya Dimitrova", "smehandzhieva@septona-bg.com", "Stiliana Mehandzhieva", "Unknown" )} -> Unknown
A56: Болт с външен шестостенна M8x35 | B56: 30 | C56: 30 | D56: 45723 | E56: Нишка+Лента | G56: 45716.276 | H56: Доставено | I56: 161900 | J56: ИТТ | K56: 45722 | M56: 45722 | O56: 0.131 | P56: =Table1[[#This Row],[Цена за 1 бр. в BGN]]*Table1[[#This Row],[Поръчано Количество]] -> 3.93 | S56: {=_xlfn.SWITCH(T56, "ivelikov@septona-bg.com", "Ivan Velikov", "andy@skuytov.eu", "Andrean Angelov", "ialeksandrov@septona-bg.com", "Ivailo Aleksandrov", "bgeorgiev@septona-bg.com", "Boris Georgiev", "iilev@septona-bg.com", "Ivailo Iliev", "dmitev@septona-bg.com", "Dimitar Mitev", "gkanchev@septona-bgc.com", "Georgi Kanchev", "s.kuytov@skuytov.eu", "Salim Kuytov", "istoyanova@septona-bg.com", "Ivelina Stoyanova", "ddimitrova@septona-bg.com", "Doroteya Dimitrova", "smehandzhieva@septona-bg.com", "Stiliana Mehandzhieva", "Unknown" )} -> Unknown
A57: Болт с външен шестостенна M8x40 | B57: 30 | C57: 30 | D57: 45723 | E57: Нишка+Лента | G57: 45716.276 | H57: Доставено | I57: 161900 | J57: ИТТ | K57: 45722 | M57: 45722 | O57: 0.1433 | P57: =Table1[[#This Row],[Цена за 1 бр. в BGN]]*Table1[[#This Row],[Поръчано Количество]] -> 4.299 | S57: {=_xlfn.SWITCH(T57, "ivelikov@septona-bg.com", "Ivan Velikov", "andy@skuytov.eu", "Andrean Angelov", "ialeksandrov@septona-bg.com", "Ivailo Aleksandrov", "bgeorgiev@septona-bg.com", "Boris Georgiev", "iilev@septona-bg.com", "Ivailo Iliev", "dmitev@septona-bg.com", "Dimitar Mitev", "gkanchev@septona-bgc.com", "Georgi Kanchev", "s.kuytov@skuytov.eu", "Salim Kuytov", "istoyanova@septona-bg.com", "Ivelina Stoyanova", "ddimitrova@septona-bg.com", "Doroteya Dimitrova", "smehandzhieva@septona-bg.com", "Stiliana Mehandzhieva", "Unknown" )} -> Unknown
A58: Гайка M8 | B58: 100 | C58: 200 | D58: 45723 | E58: Нишка+Лента | G58: 45716.277 | H58: Доставено | I58: 161900 | J58: ИТТ | K58: 45722 | M58: 45722 | O58: 0.0213 | P58: =Table1[[#This Row],[Цена за 1 бр. в BGN]]*Table1[[#This Row],[Поръчано Количество]] -> 4.26 | S58: {=_xlfn.SWITCH(T58, "ivelikov@septona-bg.com", "Ivan Velikov", "andy@skuytov.eu", "Andrean Angelov", "ialeksandrov@septona-bg.com", "Ivailo Aleksandrov", "bgeorgiev@septona-bg.com", "Boris Georgiev", "iilev@septona-bg.com", "Ivailo Iliev", "dmitev@septona-bg.com", "Dimitar Mitev", "gkanchev@septona-bgc.com", "Georgi Kanchev", "s.kuytov@skuytov.eu", "Salim Kuytov", "istoyanova@septona-bg.com", "Ivelina Stoyanova", "ddimitrova@septona-bg.com", "Doroteya Dimitrova", "smehandzhieva@septona-bg.com", "Stiliana Mehandzhieva", "Unknown" )} -> Unknown
A59: Лагер SKF 2208 E-2RS1KTN9/C3 | B59: 10 | C59: 10 | D59: 45723 | E59: Нишка+Лента | G59: 45716.278 | H59: Доставено | I59: CM-0002 | J59: Кастел Карлово | M59: 45771 | N59: 10 | O59: 35.92 | P59: =Table1[[#This Row],[Цена за 1 бр. в BGN]]*Table1[[#This Row],[Поръчано Количество]] -> 359.2 | S59: {=_xlfn.SWITCH(T59, "ivelikov@septona-bg.com", "Ivan Velikov", "andy@skuytov.eu", "Andrean Angelov", "ialeksandrov@septona-bg.com", "Ivailo Aleksandrov", "bgeorgiev@septona-bg.com", "Boris Georgiev", "iilev@septona-bg.com", "Ivailo Iliev", "dmitev@septona-bg.com", "Dimitar Mitev", "gkanchev@septona-bgc.com", "Georgi Kanchev", "s.kuytov@skuytov.eu", "Salim Kuytov", "istoyanova@septona-bg.com", "Ivelina Stoyanova", "ddimitrova@septona-bg.com", "Doroteya Dimitrova", "smehandzhieva@septona-bg.com", "Stiliana Mehandzhieva", "Unknown" )} -> Unknown
A60: Мембрани за осмозата Wave ULP 4040 RO | B60: 6 | C60: 8 | D60: 45723 | E60: Лента | G60: 45716.278 | H60: Доставено | J60: Nicol-n | K60: 45742 | P60: =Table1[[#This Row],[Цена за 1 бр. в BGN]]*Table1[[#This Row],[Поръчано Количество]] -> 0 | S60: {=_xlfn.SWITCH(T60, "ivelikov@septona-bg.com", "Ivan Velikov", "andy@skuytov.eu", "Andrean Angelov", "ialeksandrov@septona-bg.com", "Ivailo Aleksandrov", "bgeorgiev@septona-bg.com", "Boris Georgiev", "iilev@septona-bg.com", "Ivailo Iliev", "dmitev@septona-bg.com", "Dimitar Mitev", "gkanchev@septona-bgc.com", "Georgi Kanchev", "s.kuytov@skuytov.eu", "Salim Kuytov", "istoyanova@septona-bg.com", "Ivelina Stoyanova", "ddimitrova@septona-bg.com", "Doroteya Dimitrova", "smehandzhieva@septona-bg.com", "Stiliana Mehandzhieva", "Unknown" )} -> Unknown
A61: Амортисьор Stabilus Lift-o-mat 165395 0550N 185/13 AG35 (ST 165395 Газова пружина ф22, ход 296 mm, 550N) | B61: 4 | C61: 4 | D61: 45716 | E61: Нишка | G61: 45716.28 | H61: Доставено | I61: SO229099 | J61: LD | M61: 45723 | N61: 4 | O61: 108.16 | P61: =Table1[[#This Row],[Цена за 1 бр. в BGN]]*Table1[[#This Row],[Поръчано Количество]] -> 432.64 | S61: {=_xlfn.SWITCH(T61, "ivelikov@septona-bg.com", "Ivan Velikov", "andy@skuytov.eu", "Andrean Angelov", "ialeksandrov@septona-bg.com", "Ivailo Aleksandrov", "bgeorgiev@septona-bg.com", "Boris Georgiev", "iilev@septona-bg.com", "Ivailo Iliev", "dmitev@septona-bg.com", "Dimitar Mitev", "gkanchev@septona-bgc.com", "Georgi Kanchev", "s.kuytov@skuytov.eu", "Salim Kuytov", "istoyanova@septona-bg.com", "Ivelina Stoyanova", "ddimitrova@septona-bg.com", "Doroteya Dimitrova", "smehandzhieva@septona-bg.com", "Stiliana Mehandzhieva", "Unknown" )} -> Unknown
A62: Амортисьор Lift-o-mat 2706TS 0500N 326/13 CC07 (ST 2706TS Газова пружина ф19, ход 60 mm, 500N) | B62: 4 | C62: 4 | D62: 45716 | E62: Нишка | G62: 45716.281 | H62: Доставено | I62: SO229179 | J62: LD | M62: 45723 | N62: 4 | O62: 74.13 | P62: =Table1[[#This Row],[Цена за 1 бр. в BGN]]*Table1[[#This Row],[Поръчано Количество]] -> 296.52 | S62: {=_xlfn.SWITCH(T62, "ivelikov@septona-bg.com", "Ivan Velikov", "andy@skuytov.eu", "Andrean Angelov", "ialeksandrov@septona-bg.com", "Ivailo Aleksandrov", "bgeorgiev@septona-bg.com", "Boris Georgiev", "iilev@septona-bg.com", "Ivailo Iliev", "dmitev@septona-bg.com", "Dimitar Mitev", "gkanchev@septona-bgc.com", "Georgi Kanchev", "s.kuytov@skuytov.eu", "Salim Kuytov", "istoyanova@septona-bg.com", "Ivelina Stoyanova", "ddimitrova@septona-bg.com", "Doroteya Dimitrova", "smehandzhieva@septona-bg.com", "Stiliana Mehandzhieva", "Unknown" )} -> Unknown
A63: Грес Обикновена - кофа 18кг | B63: 1 | C63: 1 | D63: 45716 | E63: Нишка+Лента | G63: 45716.281 | H63: Доставено | I63: CT-0004 | J63: ОМНИКАР БГ ЕООД | K63: 45834 | M63: 45834 | N63: 1 | O63: 179.1 | P63: =Table1[[#This Row],[Цена за 1 бр. в BGN]]*Table1[[#This Row],[Поръчано Количество]] -> 179.1 | Q63: 0200049421 26-06-2025 | R63: - | S63: {=_xlfn.SWITCH(T63, "ivelikov@septona-bg.com", "Ivan Velikov", "andy@skuytov.eu", "Andrean Angelov", "ialeksandrov@septona-bg.com", "Ivailo Aleksandrov", "bgeorgiev@septona-bg.com", "Boris Georgiev", "iilev@septona-bg.com", "Ivailo Iliev", "dmitev@septona-bg.com", "Dimitar Mitev", "gkanchev@septona-bgc.com", "Georgi Kanchev", "s.kuytov@skuytov.eu", "Salim Kuytov", "istoyanova@septona-bg.com", "Ivelina Stoyanova", "ddimitrova@septona-bg.com", "Doroteya Dimitrova", "smehandzhieva@septona-bg.com", "Stiliana Mehandzhieva", "Unknown" )} -> Unknown
A64: вариаторно масло - туба 20л | B64: 1 | C64: 1 | D64: 45716 | E64: Нишка+Лента | G64: 45716.281 | H64: Доставено | I64: CT-0004 | J64: ОМНИКАР БГ ЕООД | K64: 45834 | M64: 45834 | N64: 1 | O64: 206.7 | P64: =Table1[[#This Row],[Цена за 1 бр. в BGN]]*Table1[[#This Row],[Поръчано Количество]] -> 206.7 | Q64: 0200049421 26-06-2025 | R64: - | S64: {=_xlfn.SWITCH(T64, "ivelikov@septona-bg.com", "Ivan Velikov", "andy@skuytov.eu", "Andrean Angelov", "ialeksandrov@septona-bg.com", "Ivailo Aleksandrov", "bgeorgiev@septona-bg.com", "Boris Georgiev", "iilev@septona-bg.com", "Ivailo Iliev", "dmitev@septona-bg.com", "Dimitar Mitev", "gkanchev@septona-bgc.com", "Georgi Kanchev", "s.kuytov@skuytov.eu", "Salim Kuytov", "istoyanova@septona-bg.com", "Ivelina Stoyanova", "ddimitrova@septona-bg.com", "Doroteya Dimitrova", "smehandzhieva@septona-bg.com", "Stiliana Mehandzhieva", "Unknown" )} -> Unknown
A65: Мотор-редуктор вариатор Motovario SRT 010/63/1, i=5.08, n=37-187 | B65: 2 | D65: 45716 | E65: Нишка+Лента | G65: 45716.284 | H65: Доставено | P65: =Table1[[#This Row],[Цена за 1 бр. в BGN]]*Table1[[#This Row],[Поръчано Количество]] -> 0 | S65: {=_xlfn.SWITCH(T65, "ivelikov@septona-bg.com", "Ivan Velikov", "andy@skuytov.eu", "Andrean Angelov", "ialeksandrov@septona-bg.com", "Ivailo Aleksandrov", "bgeorgiev@septona-bg.com", "Boris Georgiev", "iilev@septona-bg.com", "Ivailo Iliev", "dmitev@septona-bg.com", "Dimitar Mitev", "gkanchev@septona-bgc.com", "Georgi Kanchev", "s.kuytov@skuytov.eu", "Salim Kuytov", "istoyanova@septona-bg.com", "Ivelina Stoyanova", "ddimitrova@septona-bg.com", "Doroteya Dimitrova", "smehandzhieva@septona-bg.com", "Stiliana Mehandzhieva", "Unknown" )} -> Unknown
A66: Мотор-редуктор-вариатор Motovario SRT 010/63/1, i=3.16, n=60-309 | B66: 2 | D66: 45716 | E66: Нишка+Лента | G66: 45716.284 | H66: Доставено | P66: =Table1[[#This Row],[Цена за 1 бр. в BGN]]*Table1[[#This Row],[Поръчано Количество]] -> 0 | S66: {=_xlfn.SWITCH(T66, "ivelikov@septona-bg.com", "Ivan Velikov", "andy@skuytov.eu", "Andrean Angelov", "ialeksandrov@septona-bg.com", "Ivailo Aleksandrov", "bgeorgiev@septona-bg.com", "Boris Georgiev", "iilev@septona-bg.com", "Ivailo Iliev", "dmitev@septona-bg.com", "Dimitar Mitev", "gkanchev@septona-bgc.com", "Georgi Kanchev", "s.kuytov@skuytov.eu", "Salim Kuytov", "istoyanova@septona-bg.com", "Ivelina Stoyanova", "ddimitrova@septona-bg.com", "Doroteya Dimitrova", "smehandzhieva@septona-bg.com", "Stiliana Mehandzhieva", "Unknown" )} -> Unknown
A67: 909707330006 - Fully spiked roll 382x382x1527 | B67: 1 | C67: 1 | D67: 45716 | E67: Нишка | F67: 155672 | G67: 45716.287 | H67: Доставено | I67: SPI-020172421-1 | J67: Trutzschler (smarttextilchemie) | K67: 45777 | O67: =5837.82*1.95568 -> 11416.908 | P67: =Table1[[#This Row],[Цена за 1 бр. в BGN]]*Table1[[#This Row],[Поръчано Количество]] -> 11416.908 | S67: {=_xlfn.SWITCH(T67, "ivelikov@septona-bg.com", "Ivan Velikov", "andy@skuytov.eu", "Andrean Angelov", "ialeksandrov@septona-bg.com", "Ivailo Aleksandrov", "bgeorgiev@septona-bg.com", "Boris Georgiev", "iilev@septona-bg.com", "Ivailo Iliev", "dmitev@septona-bg.com", "Dimitar Mitev", "gkanchev@septona-bgc.com", "Georgi Kanchev", "s.kuytov@skuytov.eu", "Salim Kuytov", "istoyanova@septona-bg.com", "Ivelina Stoyanova", "ddimitrova@septona-bg.com", "Doroteya Dimitrova", "smehandzhieva@septona-bg.com", "Stiliana Mehandzhieva", "Unknown" )} -> Unknown
A68: Комплект Сепаратори за LUWA - | B68: 5 | D68: 45716 | E68: Нишка+Лента | G68: 45716.293 | H68: НОВ | P68: =Table1[[#This Row],[Цена за 1 бр. в BGN]]*Table1[[#This Row],[Поръчано Количество]] -> 0 | S68: {=_xlfn.SWITCH(T68, "ivelikov@septona-bg.com", "Ivan Velikov", "andy@skuytov.eu", "Andrean Angelov", "ialeksandrov@septona-bg.com", "Ivailo Aleksandrov", "bgeorgiev@septona-bg.com", "Boris Georgiev", "iilev@septona-bg.com", "Ivailo Iliev", "dmitev@septona-bg.com", "Dimitar Mitev", "gkanchev@septona-bgc.com", "Georgi Kanchev", "s.kuytov@skuytov.eu", "Salim Kuytov", "istoyanova@septona-bg.com", "Ivelina Stoyanova", "ddimitrova@septona-bg.com", "Doroteya Dimitrova", "smehandzhieva@septona-bg.com", "Stiliana Mehandzhieva", "Unknown" )} -> Unknown
A69: Бял Филтър за LUWA ( Manica S5 NY24 RINFORZATA d.1700mm – h 1500mm ) | B69: 5 | C69: 5 | D69: 45716 | E69: Нишка+Лента | G69: 45716.294 | H69: Доставено | I69: CT-0002 | J69: Emmebi-impianti | K69: 45749 | M69: 45754 | N69: 5 | O69: =1.9558*320 -> 625.856 | P69: =Table1[[#This Row],[Цена за 1 бр. в BGN]]*Table1[[#This Row],[Поръчано Количество]] -> 3129.28 | S69: {=_xlfn.SWITCH(T69, "ivelikov@septona-bg.com", "Ivan Velikov", "andy@skuytov.eu", "Andrean Angelov", "ialeksandrov@septona-bg.com", "Ivailo Aleksandrov", "bgeorgiev@septona-bg.com", "Boris Georgiev", "iilev@septona-bg.com", "Ivailo Iliev", "dmitev@septona-bg.com", "Dimitar Mitev", "gkanchev@septona-bgc.com", "Georgi Kanchev", "s.kuytov@skuytov.eu", "Salim Kuytov", "istoyanova@septona-bg.com", "Ivelina Stoyanova", "ddimitrova@septona-bg.com", "Doroteya Dimitrova", "smehandzhieva@septona-bg.com", "Stiliana Mehandzhieva", "Unknown" )} -> Unknown
A70: Мотор Leroy somer 3 1LS132M 9kW /2895 min-1/ NGD03183UL012 | B70: 1 | D70: 45723 | E70: Нишка+Лента | G70: 45716.538 | H70: НОВ | P70: =Table1[[#This Row],[Цена за 1 бр. в BGN]]*Table1[[#This Row],[Поръчано Количество]] -> 0 | S70: {=_xlfn.SWITCH(T70, "ivelikov@septona-bg.com", "Ivan Velikov", "andy@skuytov.eu", "Andrean Angelov", "ialeksandrov@septona-bg.com", "Ivailo Aleksandrov", "bgeorgiev@septona-bg.com", "Boris Georgiev", "iilev@septona-bg.com", "Ivailo Iliev", "dmitev@septona-bg.com", "Dimitar Mitev", "gkanchev@septona-bgc.com", "Georgi Kanchev", "s.kuytov@skuytov.eu", "Salim Kuytov", "istoyanova@septona-bg.com", "Ivelina Stoyanova", "ddimitrova@septona-bg.com", "Doroteya Dimitrova", "smehandzhieva@septona-bg.com", "Stiliana Mehandzhieva", "Unknown" )} -> Unknown
A71: TOSHIBA Motor TSHEQP GLOBAL SD.15HP.11KW.3600RPM.3PH.60HZ.230/460V.TEFC.254T. | B71: 1 | D71: 45723 | E71: Лента | G71: 45717.482 | H71: Нужна е повече информация | P71: =Table1[[#This Row],[Цена за 1 бр. в BGN]]*Table1[[#This Row],[Поръчано Количество]] -> 0 | S71: {=_xlfn.SWITCH(T71, "ivelikov@septona-bg.com", "Ivan Velikov", "andy@skuytov.eu", "Andrean Angelov", "ialeksandrov@septona-bg.com", "Ivailo Aleksandrov", "bgeorgiev@septona-bg.com", "Boris Georgiev", "iilev@septona-bg.com", "Ivailo Iliev", "dmitev@septona-bg.com", "Dimitar Mitev", "gkanchev@septona-bgc.com", "Georgi Kanchev", "s.kuytov@skuytov.eu", "Salim Kuytov", "istoyanova@septona-bg.com", "Ivelina Stoyanova", "ddimitrova@septona-bg.com", "Doroteya Dimitrova", "smehandzhieva@septona-bg.com", "Stiliana Mehandzhieva", "Unknown" )} -> Unknown
A72: Motovario SRT 010|63|1 i=5.08 n37.4 /187.01/B3 | B72: 1 | C72: 1 | D72: 45815 | E72: Нишка+Лента | G72: 45717.483 | H72: Доставено | J72: Alexandris | K72: 45818 | O72: 2358.36 | P72: =Table1[[#This Row],[Цена за 1 бр. в BGN]]*Table1[[#This Row],[Поръчано Количество]] -> 2358.36 | S72: {=_xlfn.SWITCH(T72, "ivelikov@septona-bg.com", "Ivan Velikov", "andy@skuytov.eu", "Andrean Angelov", "ialeksandrov@septona-bg.com", "Ivailo Aleksandrov", "bgeorgiev@septona-bg.com", "Boris Georgiev", "iilev@septona-bg.com", "Ivailo Iliev", "dmitev@septona-bg.com", "Dimitar Mitev", "gkanchev@septona-bgc.com", "Georgi Kanchev", "s.kuytov@skuytov.eu", "Salim Kuytov", "istoyanova@septona-bg.com", "Ivelina Stoyanova", "ddimitrova@septona-bg.com", "Doroteya Dimitrova", "smehandzhieva@septona-bg.com", "Stiliana Mehandzhieva", "Unknown" )} -> Unknown
A73: Телена четка за ъглошлайф 125мм | B73: 1 | C73: 1 | D73: 45722 | E73: Инструменти | G73: 45720.504 | H73: Доставено | I73: 161900 | J73: ИТТ | K73: 45722 | M73: 45722 | N73: 1 | O73: 17.71 | P73: =Table1[[#This Row],[Цена за 1 бр. в BGN]]*Table1[[#This Row],[Поръчано Количество]] -> 17.71 | S73: {=_xlfn.SWITCH(T73, "ivelikov@septona-bg.com", "Ivan Velikov", "andy@skuytov.eu", "Andrean Angelov", "ialeksandrov@septona-bg.com", "Ivailo Aleksandrov", "bgeorgiev@septona-bg.com", "Boris Georgiev", "iilev@septona-bg.com", "Ivailo Iliev", "dmitev@septona-bg.com", "Dimitar Mitev", "gkanchev@septona-bgc.com", "Georgi Kanchev", "s.kuytov@skuytov.eu", "Salim Kuytov", "istoyanova@septona-bg.com", "Ivelina Stoyanova", "ddimitrova@septona-bg.com", "Doroteya Dimitrova", "smehandzhieva@septona-bg.com", "Stiliana Mehandzhieva", "Unknown" )} -> Unknown
A74: балон NEX 80 LT 10bar 332714-032 | B74: 1 | C74: 1 | D74: 45748 | E74: Нишка+Лента | G74: 45721.201 | H74: Доставено | I74: CT-0003 | J74: МИКРОМАКС ТРЕЙД | K74: 45727 | M74: 45726 | N74: 1 | O74: 578.15 | P74: =Table1[[#This Row],[Цена за 1 бр. в BGN]]*Table1[[#This Row],[Поръчано Количество]] -> 578.15 | S74: {=_xlfn.SWITCH(T74, "ivelikov@septona-bg.com", "Ivan Velikov", "andy@skuytov.eu", "Andrean Angelov", "ialeksandrov@septona-bg.com", "Ivailo Aleksandrov", "bgeorgiev@septona-bg.com", "Boris Georgiev", "iilev@septona-bg.com", "Ivailo Iliev", "dmitev@septona-bg.com", "Dimitar Mitev", "gkanchev@septona-bgc.com", "Georgi Kanchev", "s.kuytov@skuytov.eu", "Salim Kuytov", "istoyanova@septona-bg.com", "Ivelina Stoyanova", "ddimitrova@septona-bg.com", "Doroteya Dimitrova", "smehandzhieva@septona-bg.com", "Stiliana Mehandzhieva", "Unknown" )} -> Unknown
A75: Сензор за нишка: 0716577 9-202220-000 nozzle - Ø 5,0 mm. | B75: 2 | C75: 2 | D75: 45721 | E75: Нишка | F75: 169917 | G75: 45721.313 | H75: Доставено | I75: 59AG272490 | J75: Trutzschler (smarttextilchemie) | K75: 45726 | L75: DHL - 2349442476 | M75: 45724 | N75: 2 | O75: =340*1.9558 -> 664.972 | P75: =Table1[[#This Row],[Цена за 1 бр. в BGN]]*Table1[[#This Row],[Поръчано Количество]] -> 1329.944 | S75: {=_xlfn.SWITCH(T75, "ivelikov@septona-bg.com", "Ivan Velikov", "andy@skuytov.eu", "Andrean Angelov", "ialeksandrov@septona-bg.com", "Ivailo Aleksandrov", "bgeorgiev@septona-bg.com", "Boris Georgiev", "iilev@septona-bg.com", "Ivailo Iliev", "dmitev@septona-bg.com", "Dimitar Mitev", "gkanchev@septona-bgc.com", "Georgi Kanchev", "s.kuytov@skuytov.eu", "Salim Kuytov", "istoyanova@septona-bg.com", "Ivelina Stoyanova", "ddimitrova@septona-bg.com", "Doroteya Dimitrova", "smehandzhieva@septona-bg.com", "Stiliana Mehandzhieva", "Unknown" )} -> Unknown
A76: Сензор за нишка: 0702100 9-02001-012403 nozzle - Ø 7,0 mm | B76: 2 | C76: 2 | D76: 45721 | E76: Нишка | F76: 169917 | G76: 45721.313 | H76: Доставено | I76: 59AG272490 | J76: Trutzschler (smarttextilchemie) | K76: 45726 | L76: DHL - 2349442476 | M76: 45724 | N76: 2 | O76: =340*1.9558 -> 664.972 | P76: =Table1[[#This Row],[Цена за 1 бр. в BGN]]*Table1[[#This Row],[Поръчано Количество]] -> 1329.944 | S76: {=_xlfn.SWITCH(T76, "ivelikov@septona-bg.com", "Ivan Velikov", "andy@skuytov.eu", "Andrean Angelov", "ialeksandrov@septona-bg.com", "Ivailo Aleksandrov", "bgeorgiev@septona-bg.com", "Boris Georgiev", "iilev@septona-bg.com", "Ivailo Iliev", "dmitev@septona-bg.com", "Dimitar Mitev", "gkanchev@septona-bgc.com", "Georgi Kanchev", "s.kuytov@skuytov.eu", "Salim Kuytov", "istoyanova@septona-bg.com", "Ivelina Stoyanova", "ddimitrova@septona-bg.com", "Doroteya Dimitrova", "smehandzhieva@septona-bg.com", "Stiliana Mehandzhieva", "Unknown" )} -> Unknown
A77: лама 0.12-40-5001-676-05.12-7 | B77: 1 | D77: 45748 | E77: Лента | G77: 45721.319 | H77: НОВ | J77: Trutzschler (smarttextilchemie) | P77: =Table1[[#This Row],[Цена за 1 бр. в BGN]]*Table1[[#This Row],[Поръчано Количество]] -> 0 | S77: {=_xlfn.SWITCH(T77, "ivelikov@septona-bg.com", "Ivan Velikov", "andy@skuytov.eu", "Andrean Angelov", "ialeksandrov@septona-bg.com", "Ivailo Aleksandrov", "bgeorgiev@septona-bg.com", "Boris Georgiev", "iilev@septona-bg.com", "Ivailo Iliev", "dmitev@septona-bg.com", "Dimitar Mitev", "gkanchev@septona-bgc.com", "Georgi Kanchev", "s.kuytov@skuytov.eu", "Salim Kuytov", "istoyanova@septona-bg.com", "Ivelina Stoyanova", "ddimitrova@septona-bg.com", "Doroteya Dimitrova", "smehandzhieva@septona-bg.com", "Stiliana Mehandzhieva", "Unknown" )} -> Unknown
A78: лама 0.12-40-5001-676-06.14-13 | B78: 1 | D78: 45748 | E78: Лента | G78: 45721.32 | H78: НОВ | J78: Trutzschler (smarttextilchemie) | P78: =Table1[[#This Row],[Цена за 1 бр. в BGN]]*Table1[[#This Row],[Поръчано Количество]] -> 0 | S78: {=_xlfn.SWITCH(T78, "ivelikov@septona-bg.com", "Ivan Velikov", "andy@skuytov.eu", "Andrean Angelov", "ialeksandrov@septona-bg.com", "Ivailo Aleksandrov", "bgeorgiev@septona-bg.com", "Boris Georgiev", "iilev@septona-bg.com", "Ivailo Iliev", "dmitev@septona-bg.com", "Dimitar Mitev", "gkanchev@septona-bgc.com", "Georgi Kanchev", "s.kuytov@skuytov.eu", "Salim Kuytov", "istoyanova@septona-bg.com", "Ivelina Stoyanova", "ddimitrova@septona-bg.com", "Doroteya Dimitrova", "smehandzhieva@septona-bg.com", "Stiliana Mehandzhieva", "Unknown" )} -> Unknown
A79: лама 0.12-40-5001-676-02.11-6 | B79: 1 | D79: 45748 | E79: Лента | G79: 45721.321 | H79: НОВ | J79: Trutzschler (smarttextilchemie) | P79: =Table1[[#This Row],[Цена за 1 бр. в BGN]]*Table1[[#This Row],[Поръчано Количество]] -> 0 | S79: {=_xlfn.SWITCH(T79, "ivelikov@septona-bg.com", "Ivan Velikov", "andy@skuytov.eu", "Andrean Angelov", "ialeksandrov@septona-bg.com", "Ivailo Aleksandrov", "bgeorgiev@septona-bg.com", "Boris Georgiev", "iilev@septona-bg.com", "Ivailo Iliev", "dmitev@septona-bg.com", "Dimitar Mitev", "gkanchev@septona-bgc.com", "Georgi Kanchev", "s.kuytov@skuytov.eu", "Salim Kuytov", "istoyanova@septona-bg.com", "Ivelina Stoyanova", "ddimitrova@septona-bg.com", "Doroteya Dimitrova", "smehandzhieva@septona-bg.com", "Stiliana Mehandzhieva", "Unknown" )} -> Unknown
A80: лама 0.12-40-5001-676-05.12-8 | B80: 1 | D80: 45748 | E80: Лента | G80: 45721.321 | H80: НОВ | J80: Trutzschler (smarttextilchemie) | P80: =Table1[[#This Row],[Цена за 1 бр. в BGN]]*Table1[[#This Row],[Поръчано Количество]] -> 0 | S80: {=_xlfn.SWITCH(T80, "ivelikov@septona-bg.com", "Ivan Velikov", "andy@skuytov.eu", "Andrean Angelov", "ialeksandrov@septona-bg.com", "Ivailo Aleksandrov", "bgeorgiev@septona-bg.com", "Boris Georgiev", "iilev@septona-bg.com", "Ivailo Iliev", "dmitev@septona-bg.com", "Dimitar Mitev", "gkanchev@septona-bgc.com", "Georgi Kanchev", "s.kuytov@skuytov.eu", "Salim Kuytov", "istoyanova@septona-bg.com", "Ivelina Stoyanova", "ddimitrova@septona-bg.com", "Doroteya Dimitrova", "smehandzhieva@septona-bg.com", "Stiliana Mehandzhieva", "Unknown" )} -> Unknown
A81: персостат jonson controls P48AAA-9110 16(10)A 400v | B81: 1 | D81: 45749 | E81: Лента | G81: 45721.457 | H81: Нужна е повече информация | I81: CT-0010 | P81: =Table1[[#This Row],[Цена за 1 бр. в BGN]]*Table1[[#This Row],[Поръчано Количество]] -> 0 | S81: {=_xlfn.SWITCH(T81, "ivelikov@septona-bg.com", "Ivan Velikov", "andy@skuytov.eu", "Andrean Angelov", "ialeksandrov@septona-bg.com", "Ivailo Aleksandrov", "bgeorgiev@septona-bg.com", "Boris Georgiev", "iilev@septona-bg.com", "Ivailo Iliev", "dmitev@septona-bg.com", "Dimitar Mitev", "gkanchev@septona-bgc.com", "Georgi Kanchev", "s.kuytov@skuytov.eu", "Salim Kuytov", "istoyanova@septona-bg.com", "Ivelina Stoyanova", "ddimitrova@septona-bg.com", "Doroteya Dimitrova", "smehandzhieva@septona-bg.com", "Stiliana Mehandzhieva", "Unknown" )} -> Unknown
A82: undrive M M400-034 00094 4kW | B82: 2 | D82: 45758 | E82: Лента | G82: 45726.359 | H82: Изпратено запитване | I82: CT-0007 | J82: АВАНГАРД ИНЖЕНЕРИНГ – ЕООД | P82: =Table1[[#This Row],[Цена за 1 бр. в BGN]]*Table1[[#This Row],[Поръчано Количество]] -> 0 | S82: {=_xlfn.SWITCH(T82, "ivelikov@septona-bg.com", "Ivan Velikov", "andy@skuytov.eu", "Andrean Angelov", "ialeksandrov@septona-bg.com", "Ivailo Aleksandrov", "bgeorgiev@septona-bg.com", "Boris Georgiev", "iilev@septona-bg.com", "Ivailo Iliev", "dmitev@septona-bg.com", "Dimitar Mitev", "gkanchev@septona-bgc.com", "Georgi Kanchev", "s.kuytov@skuytov.eu", "Salim Kuytov", "istoyanova@septona-bg.com", "Ivelina Stoyanova", "ddimitrova@septona-bg.com", "Doroteya Dimitrova", "smehandzhieva@septona-bg.com", "Stiliana Mehandzhieva", "Unknown" )} -> Unknown
A83: шлаух ф6 черен ( Z HTRAB64N Шлаух за спирачни системи 6x4) | B83: 60 | C83: 60 | D83: 45744 | E83: Лента | G83: 45726.377 | H83: Доставено | I83: CT-003 | J83: LD | K83: 45743 | O83: 1.5916 | P83: =Table1[[#This Row],[Цена за 1 бр. в BGN]]*Table1[[#This Row],[Поръчано Количество]] -> 95.496 | S83: {=_xlfn.SWITCH(T83, "ivelikov@septona-bg.com", "Ivan Velikov", "andy@skuytov.eu", "Andrean Angelov", "ialeksandrov@septona-bg.com", "Ivailo Aleksandrov", "bgeorgiev@septona-bg.com", "Boris Georgiev", "iilev@septona-bg.com", "Ivailo Iliev", "dmitev@septona-bg.com", "Dimitar Mitev", "gkanchev@septona-bgc.com", "Georgi Kanchev", "s.kuytov@skuytov.eu", "Salim Kuytov", "istoyanova@septona-bg.com", "Ivelina Stoyanova", "ddimitrova@septona-bg.com", "Doroteya Dimitrova", "smehandzhieva@septona-bg.com", "Stiliana Mehandzhieva", "Unknown" )} -> Unknown
A84: шлаух ф6 жълт (TPU 6/4-G Шлаух полиуретан, жълт) | B84: 60 | C84: 60 | D84: 45744 | E84: Лента | G84: 45726.377 | H84: Доставено | I84: CT-003 | J84: LD | K84: 45743 | O84: 1.7756 | P84: =Table1[[#This Row],[Цена за 1 бр. в BGN]]*Table1[[#This Row],[Поръчано Количество]] -> 106.536 | S84: {=_xlfn.SWITCH(T84, "ivelikov@septona-bg.com", "Ivan Velikov", "andy@skuytov.eu", "Andrean Angelov", "ialeksandrov@septona-bg.com", "Ivailo Aleksandrov", "bgeorgiev@septona-bg.com", "Boris Georgiev", "iilev@septona-bg.com", "Ivailo Iliev", "dmitev@septona-bg.com", "Dimitar Mitev", "gkanchev@septona-bgc.com", "Georgi Kanchev", "s.kuytov@skuytov.eu", "Salim Kuytov", "istoyanova@septona-bg.com", "Ivelina Stoyanova", "ddimitrova@septona-bg.com", "Doroteya Dimitrova", "smehandzhieva@septona-bg.com", "Stiliana Mehandzhieva", "Unknown" )} -> Unknown
A85: шлаух ф6 червен (TPU 6/4-R Шлаух полиуретан, Червен) | B85: 60 | C85: 60 | D85: 45744 | E85: Лента | G85: 45726.377 | H85: Доставено | I85: CT-003 | J85: LD | K85: 45743 | O85: 1.7756 | P85: =Table1[[#This Row],[Цена за 1 бр. в BGN]]*Table1[[#This Row],[Поръчано Количество]] -> 106.536 | S85: {=_xlfn.SWITCH(T85, "ivelikov@septona-bg.com", "Ivan Velikov", "andy@skuytov.eu", "Andrean Angelov", "ialeksandrov@septona-bg.com", "Ivailo Aleksandrov", "bgeorgiev@septona-bg.com", "Boris Georgiev", "iilev@septona-bg.com", "Ivailo Iliev", "dmitev@septona-bg.com", "Dimitar Mitev", "gkanchev@septona-bgc.com", "Georgi Kanchev", "s.kuytov@skuytov.eu", "Salim Kuytov", "istoyanova@septona-bg.com", "Ivelina Stoyanova", "ddimitrova@septona-bg.com", "Doroteya Dimitrova", "smehandzhieva@septona-bg.com", "Stiliana Mehandzhieva", "Unknown" )} -> Unknown
A86: шлаух ф6 зелен (TPU 6/4-V Шлаух полиуретан, зелен) | B86: 60 | C86: 60 | D86: 45744 | E86: Лента | G86: 45726.377 | H86: Доставено | I86: CT-003 | J86: LD | K86: 45743 | O86: 1.7756 | P86: =Table1[[#This Row],[Цена за 1 бр. в BGN]]*Table1[[#This Row],[Поръчано Количество]] -> 106.536 | S86: {=_xlfn.SWITCH(T86, "ivelikov@septona-bg.com", "Ivan Velikov", "andy@skuytov.eu", "Andrean Angelov", "ialeksandrov@septona-bg.com", "Ivailo Aleksandrov", "bgeorgiev@septona-bg.com", "Boris Georgiev", "iilev@septona-bg.com", "Ivailo Iliev", "dmitev@septona-bg.com", "Dimitar Mitev", "gkanchev@septona-bgc.com", "Georgi Kanchev", "s.kuytov@skuytov.eu", "Salim Kuytov", "istoyanova@septona-bg.com", "Ivelina Stoyanova", "ddimitrova@septona-bg.com", "Doroteya Dimitrova", "smehandzhieva@septona-bg.com", "Stiliana Mehandzhieva", "Unknown" )} -> Unknown
A87: персостат XMA-V06L2135 | B87: 1 | C87: 1 | D87: 45748 | E87: Лента | G87: 45726.481 | H87: Доставено | I87: CT-0006 | 444641 | J87: ЕХНАТОН | K87: 45792 | O87: 86.77 | P87: =Table1[[#This Row],[Цена за 1 бр. в BGN]]*Table1[[#This Row],[Поръчано Количество]] -> 86.77 | S87: {=_xlfn.SWITCH(T87, "ivelikov@septona-bg.com", "Ivan Velikov", "andy@skuytov.eu", "Andrean Angelov", "ialeksandrov@septona-bg.com", "Ivailo Aleksandrov", "bgeorgiev@septona-bg.com", "Boris Georgiev", "iilev@septona-bg.com", "Ivailo Iliev", "dmitev@septona-bg.com", "Dimitar Mitev", "gkanchev@septona-bgc.com", "Georgi Kanchev", "s.kuytov@skuytov.eu", "Salim Kuytov", "istoyanova@septona-bg.com", "Ivelina Stoyanova", "ddimitrova@septona-bg.com", "Doroteya Dimitrova", "smehandzhieva@septona-bg.com", "Stiliana Mehandzhieva", "Unknown" )} -> Unknown
A88: gear motor F33BS DK80G8UTW Teile number 037181761551 | B88: 1 | C88: 2 | D88: 45777 | E88: Нишка | F88: 155679 | G88: 45726.502 | H88: Доставено | I88: CT-0008 | SPI-020174413-2 | J88: Trutzschler (smarttextilchemie) | K88: 45868 | O88: =1.95583*1201.41 -> 2349.7537 | P88: =Table1[[#This Row],[Цена за 1 бр. в BGN]]*Table1[[#This Row],[Поръчано Количество]] -> 4699.5074 | S88: {=_xlfn.SWITCH(T88, "ivelikov@septona-bg.com", "Ivan Velikov", "andy@skuytov.eu", "Andrean Angelov", "ialeksandrov@septona-bg.com", "Ivailo Aleksandrov", "bgeorgiev@septona-bg.com", "Boris Georgiev", "iilev@septona-bg.com", "Ivailo Iliev", "dmitev@septona-bg.com", "Dimitar Mitev", "gkanchev@septona-bgc.com", "Georgi Kanchev", "s.kuytov@skuytov.eu", "Salim Kuytov", "istoyanova@septona-bg.com", "Ivelina Stoyanova", "ddimitrova@septona-bg.com", "Doroteya Dimitrova", "smehandzhieva@septona-bg.com", "Stiliana Mehandzhieva", "Unknown" )} -> Unknown
A89: Редова клема, едноредова, ZS16, 76A, 600V, 16mm2, сива | B89: 12 | C89: =Table1[[#This Row],[Желано количество]] -> 12 | D89: 45728 | E89: Корпус 6, нова поточна линия памучна лента | G89: 45727.336 | H89: Доставено | I89: 375185 | J89: VIKIWAT | K89: 45728 | M89: 45728 | N89: 12 | O89: =29.75/12 -> 2.4791667 | P89: =Table1[[#This Row],[Цена за 1 бр. в BGN]]*Table1[[#This Row],[Поръчано Количество]] -> 29.75 | S89: {=_xlfn.SWITCH(T89, "ivelikov@septona-bg.com", "Ivan Velikov", "andy@skuytov.eu", "Andrean Angelov", "ialeksandrov@septona-bg.com", "Ivailo Aleksandrov", "bgeorgiev@septona-bg.com", "Boris Georgiev", "iilev@septona-bg.com", "Ivailo Iliev", "dmitev@septona-bg.com", "Dimitar Mitev", "gkanchev@septona-bgc.com", "Georgi Kanchev", "s.kuytov@skuytov.eu", "Salim Kuytov", "istoyanova@septona-bg.com", "Ivelina Stoyanova", "ddimitrova@septona-bg.com", "Doroteya Dimitrova", "smehandzhieva@septona-bg.com", "Stiliana Mehandzhieva", "Unknown" )} -> Unknown
A90: Редова клема, едноредова, ZS16-BL, 76A, 600V, 16mm2, синя | B90: 10 | C90: =Table1[[#This Row],[Желано количество]] -> 10 | D90: 45728 | E90: Корпус 6, нова поточна линия памучна лента | G90: 45727.337 | H90: Доставено | I90: 375185 | J90: VIKIWAT | K90: 45728 | M90: 45728 | N90: 10 | O90: =26.93/10 -> 2.693 | P90: =Table1[[#This Row],[Цена за 1 бр. в BGN]]*Table1[[#This Row],[Поръчано Количество]] -> 26.93 | S90: {=_xlfn.SWITCH(T90, "ivelikov@septona-bg.com", "Ivan Velikov", "andy@skuytov.eu", "Andrean Angelov", "ialeksandrov@septona-bg.com", "Ivailo Aleksandrov", "bgeorgiev@septona-bg.com", "Boris Georgiev", "iilev@septona-bg.com", "Ivailo Iliev", "dmitev@septona-bg.com", "Dimitar Mitev", "gkanchev@septona-bgc.com", "Georgi Kanchev", "s.kuytov@skuytov.eu", "Salim Kuytov", "istoyanova@septona-bg.com", "Ivelina Stoyanova", "ddimitrova@septona-bg.com", "Doroteya Dimitrova", "smehandzhieva@septona-bg.com", "Stiliana Mehandzhieva", "Unknown" )} -> Unknown
A91: Редова клема, едноредова, ZS16-PE, 76A, 600V, 16mm2, жълто-зелена, заземителна | B91: 5 | C91: =Table1[[#This Row],[Желано количество]] -> 5 | D91: 45728 | E91: Корпус 6, нова поточна линия памучна лента | G91: 45727.337 | H91: Доставено | I91: 375185 | J91: VIKIWAT | K91: 45728 | M91: 45728 | N91: 5 | O91: =32.07/5 -> 6.414 | P91: =Table1[[#This Row],[Цена за 1 бр. в BGN]]*Table1[[#This Row],[Поръчано Количество]] -> 32.07 | S91: {=_xlfn.SWITCH(T91, "ivelikov@septona-bg.com", "Ivan Velikov", "andy@skuytov.eu", "Andrean Angelov", "ialeksandrov@septona-bg.com", "Ivailo Aleksandrov", "bgeorgiev@septona-bg.com", "Boris Georgiev", "iilev@septona-bg.com", "Ivailo Iliev", "dmitev@septona-bg.com", "Dimitar Mitev", "gkanchev@septona-bgc.com", "Georgi Kanchev", "s.kuytov@skuytov.eu", "Salim Kuytov", "istoyanova@septona-bg.com", "Ivelina Stoyanova", "ddimitrova@septona-bg.com", "Doroteya Dimitrova", "smehandzhieva@septona-bg.com", "Stiliana Mehandzhieva", "Unknown" )} -> Unknown
A92: Редова клема, едноредова, ZS25, 76A, 600V, 25mm2, сива | B92: 6 | C92: =Table1[[#This Row],[Желано количество]] -> 6 | D92: 45728 | E92: Корпус 6, нова поточна линия памучна лента | G92: 45727.337 | H92: Доставено | I92: 375185 | J92: VIKIWAT | K92: 45728 | M92: 45728 | N92: 6 | O92: =18.9/6 -> 3.15 | P92: =Table1[[#This Row],[Цена за 1 бр. в BGN]]*Table1[[#This Row],[Поръчано Количество]] -> 18.9 | S92: {=_xlfn.SWITCH(T92, "ivelikov@septona-bg.com", "Ivan Velikov", "andy@skuytov.eu", "Andrean Angelov", "ialeksandrov@septona-bg.com", "Ivailo Aleksandrov", "bgeorgiev@septona-bg.com", "Boris Georgiev", "iilev@septona-bg.com", "Ivailo Iliev", "dmitev@septona-bg.com", "Dimitar Mitev", "gkanchev@septona-bgc.com", "Georgi Kanchev", "s.kuytov@skuytov.eu", "Salim Kuytov", "istoyanova@septona-bg.com", "Ivelina Stoyanova", "ddimitrova@septona-bg.com", "Doroteya Dimitrova", "smehandzhieva@septona-bg.com", "Stiliana Mehandzhieva", "Unknown" )} -> Unknown
A93: Редова клема, едноредова, ZS25-BL, 76A, 600V, 25mm2, синя | B93: 6 | C93: =Table1[[#This Row],[Желано количество]] -> 6 | D93: 45728 | E93: Корпус 6, нова поточна линия памучна лента | G93: 45727.338 | H93: Доставено | I93: 375185 | J93: VIKIWAT | K93: 45728 | M93: 45728 | N93: 6 | O93: =19.13/6 -> 3.1883333 | P93: =Table1[[#This Row],[Цена за 1 бр. в BGN]]*Table1[[#This Row],[Поръчано Количество]] -> 19.13 | S93: {=_xlfn.SWITCH(T93, "ivelikov@septona-bg.com", "Ivan Velikov", "andy@skuytov.eu", "Andrean Angelov", "ialeksandrov@septona-bg.com", "Ivailo Aleksandrov", "bgeorgiev@septona-bg.com", "Boris Georgiev", "iilev@septona-bg.com", "Ivailo Iliev", "dmitev@septona-bg.com", "Dimitar Mitev", "gkanchev@septona-bgc.com", "Georgi Kanchev", "s.kuytov@skuytov.eu", "Salim Kuytov", "istoyanova@septona-bg.com", "Ivelina Stoyanova", "ddimitrova@septona-bg.com", "Doroteya Dimitrova", "smehandzhieva@septona-bg.com", "Stiliana Mehandzhieva", "Unknown" )} -> Unknown
A94: Редова клема, едноредова, ZS25-PE, 76A, 600V, 25mm2, жълто-зелена, заземителна | B94: 2 | C94: =Table1[[#This Row],[Желано количество]] -> 2 | D94: 45728 | E94: Корпус 6, нова поточна линия памучна лента | G94: 45727.338 | H94: Доставено | I94: 375185 | J94: VIKIWAT | K94: 45728 | M94: 45728 | N94: 2 | O94: =18.75/2 -> 9.375 | P94: =Table1[[#This Row],[Цена за 1 бр. в BGN]]*Table1[[#This Row],[Поръчано Количество]] -> 18.75 | S94: {=_xlfn.SWITCH(T94, "ivelikov@septona-bg.com", "Ivan Velikov", "andy@skuytov.eu", "Andrean Angelov", "ialeksandrov@septona-bg.com", "Ivailo Aleksandrov", "bgeorgiev@septona-bg.com", "Boris Georgiev", "iilev@septona-bg.com", "Ivailo Iliev", "dmitev@septona-bg.com", "Dimitar Mitev", "gkanchev@septona-bgc.com", "Georgi Kanchev", "s.kuytov@skuytov.eu", "Salim Kuytov", "istoyanova@septona-bg.com", "Ivelina Stoyanova", "ddimitrova@septona-bg.com", "Doroteya Dimitrova", "smehandzhieva@septona-bg.com", "Stiliana Mehandzhieva", "Unknown" )} -> Unknown
A95: цинков спрей (Тъмно сив) | B95: 1 кашон | C95: 11 | D95: 45730 | E95: Лента | G95: 45728.223 | H95: Доставено | J95: Колор комерс-В ЕООД | K95: 45730 | M95: 45730 | N95: 11 | O95: 8 | P95: =Table1[[#This Row],[Цена за 1 бр. в BGN]]*Table1[[#This Row],[Поръчано Количество]] -> 88 | Q95: 1000004247-14-03-2025 | S95: {=_xlfn.SWITCH(T95, "ivelikov@septona-bg.com", "Ivan Velikov", "andy@skuytov.eu", "Andrean Angelov", "ialeksandrov@septona-bg.com", "Ivailo Aleksandrov", "bgeorgiev@septona-bg.com", "Boris Georgiev", "iilev@septona-bg.com", "Ivailo Iliev", "dmitev@septona-bg.com", "Dimitar Mitev", "gkanchev@septona-bgc.com", "Georgi Kanchev", "s.kuytov@skuytov.eu", "Salim Kuytov", "istoyanova@septona-bg.com", "Ivelina Stoyanova", "ddimitrova@septona-bg.com", "Doroteya Dimitrova", "smehandzhieva@septona-bg.com", "Stiliana Mehandzhieva", "Unknown" )} -> Unknown
A96: болт вътрешен шестостен М4 х 10 | B96: 50 | C96: 50 | D96: 45744 | E96: Лента | G96: 45733.401 | H96: Доставено | I96: CM-0001 | J96: ИТТ | K96: 45692 | P96: =Table1[[#This Row],[Цена за 1 бр. в BGN]]*Table1[[#This Row],[Поръчано Количество]] -> 0 | S96: {=_xlfn.SWITCH(T96, "ivelikov@septona-bg.com", "Ivan Velikov", "andy@skuytov.eu", "Andrean Angelov", "ialeksandrov@septona-bg.com", "Ivailo Aleksandrov", "bgeorgiev@septona-bg.com", "Boris Georgiev", "iilev@septona-bg.com", "Ivailo Iliev", "dmitev@septona-bg.com", "Dimitar Mitev", "gkanchev@septona-bgc.com", "Georgi Kanchev", "s.kuytov@skuytov.eu", "Salim Kuytov", "istoyanova@septona-bg.com", "Ivelina Stoyanova", "ddimitrova@septona-bg.com", "Doroteya Dimitrova", "smehandzhieva@septona-bg.com", "Stiliana Mehandzhieva", "Unknown" )} -> Unknown
A97: Конусовиден болт М8 х 16 | B97: 30 | C97: 30 | D97: 45744 | E97: Нишка | G97: 45733.402 | H97: Доставено | I97: CM-0001 | J97: ИТТ | K97: 45692 | P97: =Table1[[#This Row],[Цена за 1 бр. в BGN]]*Table1[[#This Row],[Поръчано Количество]] -> 0 | S97: {=_xlfn.SWITCH(T97, "ivelikov@septona-bg.com", "Ivan Velikov", "andy@skuytov.eu", "Andrean Angelov", "ialeksandrov@septona-bg.com", "Ivailo Aleksandrov", "bgeorgiev@septona-bg.com", "Boris Georgiev", "iilev@septona-bg.com", "Ivailo Iliev", "dmitev@septona-bg.com", "Dimitar Mitev", "gkanchev@septona-bgc.com", "Georgi Kanchev", "s.kuytov@skuytov.eu", "Salim Kuytov", "istoyanova@septona-bg.com", "Ivelina Stoyanova", "ddimitrova@septona-bg.com", "Doroteya Dimitrova", "smehandzhieva@septona-bg.com", "Stiliana Mehandzhieva", "Unknown" )} -> Unknown
A98: топ червено кече | B98: 1 | C98: 1 | D98: 45737 | E98: Нишка+Лента | G98: 45736.293 | H98: Доставено | J98: RECA | M98: 45737 | N98: 1 | O98: 59.89 | P98: =Table1[[#This Row],[Цена за 1 бр. в BGN]]*Table1[[#This Row],[Поръчано Количество]] -> 59.89 | S98: {=_xlfn.SWITCH(T98, "ivelikov@septona-bg.com", "Ivan Velikov", "andy@skuytov.eu", "Andrean Angelov", "ialeksandrov@septona-bg.com", "Ivailo Aleksandrov", "bgeorgiev@septona-bg.com", "Boris Georgiev", "iilev@septona-bg.com", "Ivailo Iliev", "dmitev@septona-bg.com", "Dimitar Mitev", "gkanchev@septona-bgc.com", "Georgi Kanchev", "s.kuytov@skuytov.eu", "Salim Kuytov", "istoyanova@septona-bg.com", "Ivelina Stoyanova", "ddimitrova@septona-bg.com", "Doroteya Dimitrova", "smehandzhieva@septona-bg.com", "Stiliana Mehandzhieva", "Unknown" )} -> Unknown
A99: Genesys MP - туба 20 литра | B99: 2 | C99: 2 | D99: 45777 | E99: Нишка+Лента | G99: 45736.422 | H99: Доставено | I99: CT-0005 | J99: SEPTONA GR | P99: =Table1[[#This Row],[Цена за 1 бр. в BGN]]*Table1[[#This Row],[Поръчано Количество]] -> 0 | S99: {=_xlfn.SWITCH(T99, "ivelikov@septona-bg.com", "Ivan Velikov", "andy@skuytov.eu", "Andrean Angelov", "ialeksandrov@septona-bg.com", "Ivailo Aleksandrov", "bgeorgiev@septona-bg.com", "Boris Georgiev", "iilev@septona-bg.com", "Ivailo Iliev", "dmitev@septona-bg.com", "Dimitar Mitev", "gkanchev@septona-bgc.com", "Georgi Kanchev", "s.kuytov@skuytov.eu", "Salim Kuytov", "istoyanova@septona-bg.com", "Ivelina Stoyanova", "ddimitrova@septona-bg.com", "Doroteya Dimitrova", "smehandzhieva@septona-bg.com", "Stiliana Mehandzhieva", "Unknown" )} -> Unknown
A100: лагер SKF Explorer 22209 E/C3 GT Britain ( NSK 22209 EAE4C3) | B100: 6 | C100: 6 | D100: 45758 | E100: Лента | G100: 45738.216 | H100: Доставено | I100: CM-0002 | J100: Кастел Карлово | M100: 45755 | N100: 6 | O100: 52 | P100: =Table1[[#This Row],[Цена за 1 бр. в BGN]]*Table1[[#This Row],[Поръчано Количество]] -> 312 | S100: {=_xlfn.SWITCH(T100, "ivelikov@septona-bg.com", "Ivan Velikov", "andy@skuytov.eu", "Andrean Angelov", "ialeksandrov@septona-bg.com", "Ivailo Aleksandrov", "bgeorgiev@septona-bg.com", "Boris Georgiev", "iilev@septona-bg.com", "Ivailo Iliev", "dmitev@septona-bg.com", "Dimitar Mitev", "gkanchev@septona-bgc.com", "Georgi Kanchev", "s.kuytov@skuytov.eu", "Salim Kuytov", "istoyanova@septona-bg.com", "Ivelina Stoyanova", "ddimitrova@septona-bg.com", "Doroteya Dimitrova", "smehandzhieva@septona-bg.com", "Stiliana Mehandzhieva", "Unknown" )} -> Unknown
A101: термозащита SCHRACK LSTD0250 1.8-2.5A | B101: 1 | C101: 1 | D101: 45765 | E101: Лента | G101: 45738.217 | H101: Доставено | I101: CT-0009 | 459001453 | J101: Schrack.bg | K101: 45748 | M101: 45748 | O101: 43.18 | P101: =Table1[[#This Row],[Цена за 1 бр. в BGN]]*Table1[[#This Row],[Поръчано Количество]] -> 43.18 | S101: {=_xlfn.SWITCH(T101, "ivelikov@septona-bg.com", "Ivan Velikov", "andy@skuytov.eu", "Andrean Angelov", "ialeksandrov@septona-bg.com", "Ivailo Aleksandrov", "bgeorgiev@septona-bg.com", "Boris Georgiev", "iilev@septona-bg.com", "Ivailo Iliev", "dmitev@septona-bg.com", "Dimitar Mitev", "gkanchev@septona-bgc.com", "Georgi Kanchev", "s.kuytov@skuytov.eu", "Salim Kuytov", "istoyanova@septona-bg.com", "Ivelina Stoyanova", "ddimitrova@septona-bg.com", "Doroteya Dimitrova", "smehandzhieva@septona-bg.com", "Stiliana Mehandzhieva", "Unknown" )} -> Unknown
A102: термозащита SCHRACK LSTD0125 0.9-1.25A | B102: 2 | C102: 2 | D102: 45751 | E102: Лента | G102: 45738.218 | H102: Доставено | I102: CT-0009 | 459001453 | J102: Schrack.bg | K102: 45748 | M102: 45748 | O102: 43.18 | P102: =Table1[[#This Row],[Цена за 1 бр. в BGN]]*Table1[[#This Row],[Поръчано Количество]] -> 86.36 | S102: {=_xlfn.SWITCH(T102, "ivelikov@septona-bg.com", "Ivan Velikov", "andy@skuytov.eu", "Andrean Angelov", "ialeksandrov@septona-bg.com", "Ivailo Aleksandrov", "bgeorgiev@septona-bg.com", "Boris Georgiev", "iilev@septona-bg.com", "Ivailo Iliev", "dmitev@septona-bg.com", "Dimitar Mitev", "gkanchev@septona-bgc.com", "Georgi Kanchev", "s.kuytov@skuytov.eu", "Salim Kuytov", "istoyanova@septona-bg.com", "Ivelina Stoyanova", "ddimitrova@septona-bg.com", "Doroteya Dimitrova", "smehandzhieva@septona-bg.com", "Stiliana Mehandzhieva", "Unknown" )} -> Unknown
...

Sheet Cotton Buds and Pads
A1: Описание артикул | B1: Желано количество | C1: Поръчано Количество | D1: Желана дата за доставка | E1: Машина | F1: Submission (UTC) | G1: Статус | H1: ID запитване | I1: Доставчик | J1: Очаквана дата на доставка | K1: Товарителница | L1: Реална доставка | M1: Доставено количество | N1: Цена за 1 бр. в BGN | O1: Сума на поръчката в BGN | P1: Фактура? | Q1: Транспортни документи | R1: Name | S1: Requester email
A2: Реле Fotek SSR-25AA | B2: 2 | D2: 45807 | E2: FALU, B&M - Клечки за уши | F2: 45796.206 | G2: Изпратено запитване | H2: CBP-0022 | I2: vallder.com | O2: =Cotton_Buds[[#This Row],[Цена за 1 бр. в BGN]]*Cotton_Buds[[#This Row],[Поръчано Количество]] -> 0 | R2: {=_xlfn.SWITCH(S2, "ivelikov@septona-bg.com", "Ivan Velikov", "andy@skuytov.eu", "Andrean Angelov", "ialeksandrov@septona-bg.com", "Ivailo Aleksandrov", "bgeorgiev@septona-bg.com", "Boris Georgiev", "iilev@septona-bg.com", "Ivailo Iliev", "dmitev@septona-bg.com", "Dimitar Mitev", "gkanchev@septona-bgc.com", "Georgi Kanchev", "s.kuytov@skuytov.eu", "Salim Kuytov", "istoyanova@septona-bg.com", "Ivelina Stoyanova", "ddimitrova@septona-bg.com", "Doroteya Dimitrova", "smehandzhieva@septona-bg.com", "Stiliana Mehandzhieva", "Unknown" )} -> Unknown
A3: Стойка за цилиндъра за езичета на бластерите 06351 | B3: 2 | C3: 2 | D3: 45722 | E3: FALU, B&M - Клечки за уши | F3: 45714.279 | G3: Доставено | I3: Зъбонарязване - петко | N3: 65 | O3: =Cotton_Buds[[#This Row],[Цена за 1 бр. в BGN]]*Cotton_Buds[[#This Row],[Поръчано Количество]] -> 130 | R3: {=_xlfn.SWITCH(S3, "ivelikov@septona-bg.com", "Ivan Velikov", "andy@skuytov.eu", "Andrean Angelov", "ialeksandrov@septona-bg.com", "Ivailo Aleksandrov", "bgeorgiev@septona-bg.com", "Boris Georgiev", "iilev@septona-bg.com", "Ivailo Iliev", "dmitev@septona-bg.com", "Dimitar Mitev", "gkanchev@septona-bgc.com", "Georgi Kanchev", "s.kuytov@skuytov.eu", "Salim Kuytov", "istoyanova@septona-bg.com", "Ivelina Stoyanova", "ddimitrova@septona-bg.com", "Doroteya Dimitrova", "smehandzhieva@septona-bg.com", "Stiliana Mehandzhieva", "Unknown" )} -> Unknown
A4: Motovario 9633156-004 NMRV 040 i 7.50 (https://www.motovario.com/eng/my-products/9633156-004) | B4: 1 | D4: 45822 | E4: FALU - Тампони | F4: 45796.444 | I4: Alexandris | O4: =Cotton_Buds[[#This Row],[Цена за 1 бр. в BGN]]*Cotton_Buds[[#This Row],[Поръчано Количество]] -> 0 | R4: {=_xlfn.SWITCH(S4, "ivelikov@septona-bg.com", "Ivan Velikov", "andy@skuytov.eu", "Andrean Angelov", "ialeksandrov@septona-bg.com", "Ivailo Aleksandrov", "bgeorgiev@septona-bg.com", "Boris Georgiev", "iilev@septona-bg.com", "Ivailo Iliev", "dmitev@septona-bg.com", "Dimitar Mitev", "gkanchev@septona-bgc.com", "Georgi Kanchev", "s.kuytov@skuytov.eu", "Salim Kuytov", "istoyanova@septona-bg.com", "Ivelina Stoyanova", "ddimitrova@septona-bg.com", "Doroteya Dimitrova", "smehandzhieva@septona-bg.com", "Stiliana Mehandzhieva", "Unknown" )} -> Unknown
A5: Разпределител серия EN, EN531-11-PN3 CAMOZZI (ACM 12) | B5: 5 | C5: 5 | D5: 45722 | E5: ACM | F5: 45714.44 | G5: Доставено | H5: CBP-0005 | SQ158222 | I5: LD | J5: 45737 | L5: 45737 | N5: 159.3 | O5: =Cotton_Buds[[#This Row],[Цена за 1 бр. в BGN]]*Cotton_Buds[[#This Row],[Поръчано Количество]] -> 796.5 | R5: {=_xlfn.SWITCH(S5, "ivelikov@septona-bg.com", "Ivan Velikov", "andy@skuytov.eu", "Andrean Angelov", "ialeksandrov@septona-bg.com", "Ivailo Aleksandrov", "bgeorgiev@septona-bg.com", "Boris Georgiev", "iilev@septona-bg.com", "Ivailo Iliev", "dmitev@septona-bg.com", "Dimitar Mitev", "gkanchev@septona-bgc.com", "Georgi Kanchev", "s.kuytov@skuytov.eu", "Salim Kuytov", "istoyanova@septona-bg.com", "Ivelina Stoyanova", "ddimitrova@septona-bg.com", "Doroteya Dimitrova", "smehandzhieva@septona-bg.com", "Stiliana Mehandzhieva", "Unknown" )} -> Unknown
A6: имбусен болт M4x8 | B6: 500 | C6: 500 | D6: 45716 | E6: FALU, B&M - Клечки за уши | F6: 45714.546 | G6: Доставено | H6: 161900 | I6: ИТТ | J6: 45722 | L6: 45722 | M6: 500 | N6: 0.12348 | O6: =Cotton_Buds[[#This Row],[Цена за 1 бр. в BGN]]*Cotton_Buds[[#This Row],[Поръчано Количество]] -> 61.74 | R6: {=_xlfn.SWITCH(S6, "ivelikov@septona-bg.com", "Ivan Velikov", "andy@skuytov.eu", "Andrean Angelov", "ialeksandrov@septona-bg.com", "Ivailo Aleksandrov", "bgeorgiev@septona-bg.com", "Boris Georgiev", "iilev@septona-bg.com", "Ivailo Iliev", "dmitev@septona-bg.com", "Dimitar Mitev", "gkanchev@septona-bgc.com", "Georgi Kanchev", "s.kuytov@skuytov.eu", "Salim Kuytov", "istoyanova@septona-bg.com", "Ivelina Stoyanova", "ddimitrova@septona-bg.com", "Doroteya Dimitrova", "smehandzhieva@septona-bg.com", "Stiliana Mehandzhieva", "Unknown" )} -> Unknown
A7: Електромотор 0,37 kW, 1450 rpm, Ø14 ос изходяща да е съвместим със Motovario 9633156-004 NMRV 040 i 7.50 (https://www.motovario.com/eng/my-products/9633156-004) | B7: 1 | D7: 45822 | E7: FALU - Тампони | F7: 45796.446 | I7: Alexandris | O7: =Cotton_Buds[[#This Row],[Цена за 1 бр. в BGN]]*Cotton_Buds[[#This Row],[Поръчано Количество]] -> 0 | R7: {=_xlfn.SWITCH(S7, "ivelikov@septona-bg.com", "Ivan Velikov", "andy@skuytov.eu", "Andrean Angelov", "ialeksandrov@septona-bg.com", "Ivailo Aleksandrov", "bgeorgiev@septona-bg.com", "Boris Georgiev", "iilev@septona-bg.com", "Ivailo Iliev", "dmitev@septona-bg.com", "Dimitar Mitev", "gkanchev@septona-bgc.com", "Georgi Kanchev", "s.kuytov@skuytov.eu", "Salim Kuytov", "istoyanova@septona-bg.com", "Ivelina Stoyanova", "ddimitrova@septona-bg.com", "Doroteya Dimitrova", "smehandzhieva@septona-bg.com", "Stiliana Mehandzhieva", "Unknown" )} -> Unknown
A8: Зъбно колело 3.000.0002 | B8: 2 | D8: 45812 | E8: ACM | F8: 45801.276 | G8: НОВ | I8: ACM Engineering | O8: =Cotton_Buds[[#This Row],[Цена за 1 бр. в BGN]]*Cotton_Buds[[#This Row],[Поръчано Количество]] -> 0 | R8: {=_xlfn.SWITCH(S8, "ivelikov@septona-bg.com", "Ivan Velikov", "andy@skuytov.eu", "Andrean Angelov", "ialeksandrov@septona-bg.com", "Ivailo Aleksandrov", "bgeorgiev@septona-bg.com", "Boris Georgiev", "iilev@septona-bg.com", "Ivailo Iliev", "dmitev@septona-bg.com", "Dimitar Mitev", "gkanchev@septona-bgc.com", "Georgi Kanchev", "s.kuytov@skuytov.eu", "Salim Kuytov", "istoyanova@septona-bg.com", "Ivelina Stoyanova", "ddimitrova@septona-bg.com", "Doroteya Dimitrova", "smehandzhieva@septona-bg.com", "Stiliana Mehandzhieva", "Unknown" )} -> Unknown
A9: Зъбно колело 3.000.0002 | B9: 2 | D9: 45812 | E9: ACM | F9: 45801.277 | G9: НОВ | I9: ACM Engineering | O9: =Cotton_Buds[[#This Row],[Цена за 1 бр. в BGN]]*Cotton_Buds[[#This Row],[Поръчано Количество]] -> 0 | R9: {=_xlfn.SWITCH(S9, "ivelikov@septona-bg.com", "Ivan Velikov", "andy@skuytov.eu", "Andrean Angelov", "ialeksandrov@septona-bg.com", "Ivailo Aleksandrov", "bgeorgiev@septona-bg.com", "Boris Georgiev", "iilev@septona-bg.com", "Ivailo Iliev", "dmitev@septona-bg.com", "Dimitar Mitev", "gkanchev@septona-bgc.com", "Georgi Kanchev", "s.kuytov@skuytov.eu", "Salim Kuytov", "istoyanova@septona-bg.com", "Ivelina Stoyanova", "ddimitrova@septona-bg.com", "Doroteya Dimitrova", "smehandzhieva@septona-bg.com", "Stiliana Mehandzhieva", "Unknown" )} -> Unknown
A10: Силикон за насрещния за лепене на пликове 10mmx10mmx38cm | B10: 8 | D10: 45723 | E10: Топчета | F10: 45716.217 | G10: Доставено | I10: МИКРОМАКС ТРЕЙД | O10: =Cotton_Buds[[#This Row],[Цена за 1 бр. в BGN]]*Cotton_Buds[[#This Row],[Поръчано Количество]] -> 0 | R10: {=_xlfn.SWITCH(S10, "ivelikov@septona-bg.com", "Ivan Velikov", "andy@skuytov.eu", "Andrean Angelov", "ialeksandrov@septona-bg.com", "Ivailo Aleksandrov", "bgeorgiev@septona-bg.com", "Boris Georgiev", "iilev@septona-bg.com", "Ivailo Iliev", "dmitev@septona-bg.com", "Dimitar Mitev", "gkanchev@septona-bgc.com", "Georgi Kanchev", "s.kuytov@skuytov.eu", "Salim Kuytov", "istoyanova@septona-bg.com", "Ivelina Stoyanova", "ddimitrova@septona-bg.com", "Doroteya Dimitrova", "smehandzhieva@septona-bg.com", "Stiliana Mehandzhieva", "Unknown" )} -> Unknown
A11: Тъмно син спрей за палетите | B11: 6 | C11: 8 | D11: 45723 | E11: ОТК | F11: 45716.221 | G11: Доставено | N11: 5 | O11: =Cotton_Buds[[#This Row],[Цена за 1 бр. в BGN]]*Cotton_Buds[[#This Row],[Поръчано Количество]] -> 40 | R11: {=_xlfn.SWITCH(S11, "ivelikov@septona-bg.com", "Ivan Velikov", "andy@skuytov.eu", "Andrean Angelov", "ialeksandrov@septona-bg.com", "Ivailo Aleksandrov", "bgeorgiev@septona-bg.com", "Boris Georgiev", "iilev@septona-bg.com", "Ivailo Iliev", "dmitev@septona-bg.com", "Dimitar Mitev", "gkanchev@septona-bgc.com", "Georgi Kanchev", "s.kuytov@skuytov.eu", "Salim Kuytov", "istoyanova@septona-bg.com", "Ivelina Stoyanova", "ddimitrova@septona-bg.com", "Doroteya Dimitrova", "smehandzhieva@septona-bg.com", "Stiliana Mehandzhieva", "Unknown" )} -> Unknown
A12: Шестограм 3 | B12: 10 | D12: 45723 | E12: Инструменти | F12: 45716.222 | G12: Доставено | I12: RECA | O12: =Cotton_Buds[[#This Row],[Цена за 1 бр. в BGN]]*Cotton_Buds[[#This Row],[Поръчано Количество]] -> 0 | R12: {=_xlfn.SWITCH(S12, "ivelikov@septona-bg.com", "Ivan Velikov", "andy@skuytov.eu", "Andrean Angelov", "ialeksandrov@septona-bg.com", "Ivailo Aleksandrov", "bgeorgiev@septona-bg.com", "Boris Georgiev", "iilev@septona-bg.com", "Ivailo Iliev", "dmitev@septona-bg.com", "Dimitar Mitev", "gkanchev@septona-bgc.com", "Georgi Kanchev", "s.kuytov@skuytov.eu", "Salim Kuytov", "istoyanova@septona-bg.com", "Ivelina Stoyanova", "ddimitrova@septona-bg.com", "Doroteya Dimitrova", "smehandzhieva@septona-bg.com", "Stiliana Mehandzhieva", "Unknown" )} -> Unknown
A13: 3.000.0003 | B13: 2 | D13: 45812 | E13: ACM | F13: 45801.278 | G13: НОВ | I13: ACM Engineering | O13: =Cotton_Buds[[#This Row],[Цена за 1 бр. в BGN]]*Cotton_Buds[[#This Row],[Поръчано Количество]] -> 0 | R13: {=_xlfn.SWITCH(S13, "ivelikov@septona-bg.com", "Ivan Velikov", "andy@skuytov.eu", "Andrean Angelov", "ialeksandrov@septona-bg.com", "Ivailo Aleksandrov", "bgeorgiev@septona-bg.com", "Boris Georgiev", "iilev@septona-bg.com", "Ivailo Iliev", "dmitev@septona-bg.com", "Dimitar Mitev", "gkanchev@septona-bgc.com", "Georgi Kanchev", "s.kuytov@skuytov.eu", "Salim Kuytov", "istoyanova@septona-bg.com", "Ivelina Stoyanova", "ddimitrova@septona-bg.com", "Doroteya Dimitrova", "smehandzhieva@septona-bg.com", "Stiliana Mehandzhieva", "Unknown" )} -> Unknown
A14: Цилиндър ADVU-25-80-A-P-A --> ADN-25-80-A-P-A 576652 | B14: 2 | C14: 2 | D14: 45723 | E14: FALU, B&M - Клечки за уши | F14: 45716.223 | G14: Доставено | H14: CBP & CT 0001/2535091440 | I14: FESTO | N14: 91.43 | O14: =Cotton_Buds[[#This Row],[Цена за 1 бр. в BGN]]*Cotton_Buds[[#This Row],[Поръчано Количество]] -> 182.86 | R14: {=_xlfn.SWITCH(S14, "ivelikov@septona-bg.com", "Ivan Velikov", "andy@skuytov.eu", "Andrean Angelov", "ialeksandrov@septona-bg.com", "Ivailo Aleksandrov", "bgeorgiev@septona-bg.com", "Boris Georgiev", "iilev@septona-bg.com", "Ivailo Iliev", "dmitev@septona-bg.com", "Dimitar Mitev", "gkanchev@septona-bgc.com", "Georgi Kanchev", "s.kuytov@skuytov.eu", "Salim Kuytov", "istoyanova@septona-bg.com", "Ivelina Stoyanova", "ddimitrova@septona-bg.com", "Doroteya Dimitrova", "smehandzhieva@septona-bg.com", "Stiliana Mehandzhieva", "Unknown" )} -> Unknown
A15: Ремък 700 H | B15: 3 | C15: 3 | D15: 45821 | E15: FALU, B&M - Клечки за уши | F15: 45805.158 | G15: Доставено | H15: CBP-0040 | I15: PROXTEAM | O15: =Cotton_Buds[[#This Row],[Цена за 1 бр. в BGN]]*Cotton_Buds[[#This Row],[Поръчано Количество]] -> 0 | R15: {=_xlfn.SWITCH(S15, "ivelikov@septona-bg.com", "Ivan Velikov", "andy@skuytov.eu", "Andrean Angelov", "ialeksandrov@septona-bg.com", "Ivailo Aleksandrov", "bgeorgiev@septona-bg.com", "Boris Georgiev", "iilev@septona-bg.com", "Ivailo Iliev", "dmitev@septona-bg.com", "Dimitar Mitev", "gkanchev@septona-bgc.com", "Georgi Kanchev", "s.kuytov@skuytov.eu", "Salim Kuytov", "istoyanova@septona-bg.com", "Ivelina Stoyanova", "ddimitrova@septona-bg.com", "Doroteya Dimitrova", "smehandzhieva@septona-bg.com", "Stiliana Mehandzhieva", "Unknown" )} -> Unknown
A16: Шайби 4 | B16: 50 | C16: 50 | D16: 45812 | E16: Общи | F16: 45806.396 | G16: Доставено | H16: 177751 | I16: ИТТ | J16: 45835 | L16: 45835 | M16: 50 | N16: =0.15/50 -> 0.003 | O16: =Cotton_Buds[[#This Row],[Цена за 1 бр. в BGN]]*Cotton_Buds[[#This Row],[Поръчано Количество]] -> 0.15 | R16: {=_xlfn.SWITCH(S16, "ivelikov@septona-bg.com", "Ivan Velikov", "andy@skuytov.eu", "Andrean Angelov", "ialeksandrov@septona-bg.com", "Ivailo Aleksandrov", "bgeorgiev@septona-bg.com", "Boris Georgiev", "iilev@septona-bg.com", "Ivailo Iliev", "dmitev@septona-bg.com", "Dimitar Mitev", "gkanchev@septona-bgc.com", "Georgi Kanchev", "s.kuytov@skuytov.eu", "Salim Kuytov", "istoyanova@septona-bg.com", "Ivelina Stoyanova", "ddimitrova@septona-bg.com", "Doroteya Dimitrova", "smehandzhieva@septona-bg.com", "Stiliana Mehandzhieva", "Unknown" )} -> Unknown
A17: Шайби 6 | B17: 50 | C17: 50 | D17: 45812 | E17: Общи | F17: 45806.396 | G17: Доставено | H17: 177751 | I17: ИТТ | J17: 45835 | L17: 45835 | M17: 50 | N17: =0.28/50 -> 0.0056 | O17: =Cotton_Buds[[#This Row],[Цена за 1 бр. в BGN]]*Cotton_Buds[[#This Row],[Поръчано Количество]] -> 0.28 | R17: {=_xlfn.SWITCH(S17, "ivelikov@septona-bg.com", "Ivan Velikov", "andy@skuytov.eu", "Andrean Angelov", "ialeksandrov@septona-bg.com", "Ivailo Aleksandrov", "bgeorgiev@septona-bg.com", "Boris Georgiev", "iilev@septona-bg.com", "Ivailo Iliev", "dmitev@septona-bg.com", "Dimitar Mitev", "gkanchev@septona-bgc.com", "Georgi Kanchev", "s.kuytov@skuytov.eu", "Salim Kuytov", "istoyanova@septona-bg.com", "Ivelina Stoyanova", "ddimitrova@septona-bg.com", "Doroteya Dimitrova", "smehandzhieva@septona-bg.com", "Stiliana Mehandzhieva", "Unknown" )} -> Unknown
A18: Гайки 4mm | B18: 50 | C18: 50 | D18: 45812 | E18: Общи | F18: 45806.397 | G18: Доставено | H18: 177751 | I18: ИТТ | J18: 45835 | L18: 45835 | M18: 50 | N18: =0.2/50 -> 0.004 | O18: =Cotton_Buds[[#This Row],[Цена за 1 бр. в BGN]]*Cotton_Buds[[#This Row],[Поръчано Количество]] -> 0.2 | R18: {=_xlfn.SWITCH(S18, "ivelikov@septona-bg.com", "Ivan Velikov", "andy@skuytov.eu", "Andrean Angelov", "ialeksandrov@septona-bg.com", "Ivailo Aleksandrov", "bgeorgiev@septona-bg.com", "Boris Georgiev", "iilev@septona-bg.com", "Ivailo Iliev", "dmitev@septona-bg.com", "Dimitar Mitev", "gkanchev@septona-bgc.com", "Georgi Kanchev", "s.kuytov@skuytov.eu", "Salim Kuytov", "istoyanova@septona-bg.com", "Ivelina Stoyanova", "ddimitrova@septona-bg.com", "Doroteya Dimitrova", "smehandzhieva@septona-bg.com", "Stiliana Mehandzhieva", "Unknown" )} -> Unknown
A19: Изключвател ZCMD21L2 (XCMD2110L2) Telemanique | B19: 2 | D19: 45723 | E19: ACM | F19: 45716.228 | G19: Доставено | I19: ЕХНАТОН | O19: =Cotton_Buds[[#This Row],[Цена за 1 бр. в BGN]]*Cotton_Buds[[#This Row],[Поръчано Количество]] -> 0 | R19: {=_xlfn.SWITCH(S19, "ivelikov@septona-bg.com", "Ivan Velikov", "andy@skuytov.eu", "Andrean Angelov", "ialeksandrov@septona-bg.com", "Ivailo Aleksandrov", "bgeorgiev@septona-bg.com", "Boris Georgiev", "iilev@septona-bg.com", "Ivailo Iliev", "dmitev@septona-bg.com", "Dimitar Mitev", "gkanchev@septona-bgc.com", "Georgi Kanchev", "s.kuytov@skuytov.eu", "Salim Kuytov", "istoyanova@septona-bg.com", "Ivelina Stoyanova", "ddimitrova@septona-bg.com", "Doroteya Dimitrova", "smehandzhieva@septona-bg.com", "Stiliana Mehandzhieva", "Unknown" )} -> Unknown
A20: Лагер 6201 | B20: 20 | C20: 20 | D20: 45723 | E20: FALU, B&M - Клечки за уши | F20: 45716.23 | G20: Доставено | H20: CM-0002 | I20: Кастел Карлово | J20: 45771 | L20: 45771 | M20: 20 | N20: 2.3 | O20: =Cotton_Buds[[#This Row],[Цена за 1 бр. в BGN]]*Cotton_Buds[[#This Row],[Поръчано Количество]] -> 46 | R20: {=_xlfn.SWITCH(S20, "ivelikov@septona-bg.com", "Ivan Velikov", "andy@skuytov.eu", "Andrean Angelov", "ialeksandrov@septona-bg.com", "Ivailo Aleksandrov", "bgeorgiev@septona-bg.com", "Boris Georgiev", "iilev@septona-bg.com", "Ivailo Iliev", "dmitev@septona-bg.com", "Dimitar Mitev", "gkanchev@septona-bgc.com", "Georgi Kanchev", "s.kuytov@skuytov.eu", "Salim Kuytov", "istoyanova@septona-bg.com", "Ivelina Stoyanova", "ddimitrova@septona-bg.com", "Doroteya Dimitrova", "smehandzhieva@septona-bg.com", "Stiliana Mehandzhieva", "Unknown" )} -> Unknown
A21: Цилиндър Metal Work 2410250040XP | B21: 4 | D21: 45812 | E21: ACM | F21: 45806.406 | G21: НОВ | I21: kamatic | O21: =Cotton_Buds[[#This Row],[Цена за 1 бр. в BGN]]*Cotton_Buds[[#This Row],[Поръчано Количество]] -> 0 | R21: {=_xlfn.SWITCH(S21, "ivelikov@septona-bg.com", "Ivan Velikov", "andy@skuytov.eu", "Andrean Angelov", "ialeksandrov@septona-bg.com", "Ivailo Aleksandrov", "bgeorgiev@septona-bg.com", "Boris Georgiev", "iilev@septona-bg.com", "Ivailo Iliev", "dmitev@septona-bg.com", "Dimitar Mitev", "gkanchev@septona-bgc.com", "Georgi Kanchev", "s.kuytov@skuytov.eu", "Salim Kuytov", "istoyanova@septona-bg.com", "Ivelina Stoyanova", "ddimitrova@septona-bg.com", "Doroteya Dimitrova", "smehandzhieva@septona-bg.com", "Stiliana Mehandzhieva", "Unknown" )} -> Unknown
A22: Metal Work 121A500050CP | B22: 2 | C22: 2 | D22: 45723 | E22: ACM | F22: 45716.233 | G22: Доставено | I22: kamatic | J22: 45740 | N22: 137.6 | O22: =Cotton_Buds[[#This Row],[Цена за 1 бр. в BGN]]*Cotton_Buds[[#This Row],[Поръчано Количество]] -> 275.2 | R22: {=_xlfn.SWITCH(S22, "ivelikov@septona-bg.com", "Ivan Velikov", "andy@skuytov.eu", "Andrean Angelov", "ialeksandrov@septona-bg.com", "Ivailo Aleksandrov", "bgeorgiev@septona-bg.com", "Boris Georgiev", "iilev@septona-bg.com", "Ivailo Iliev", "dmitev@septona-bg.com", "Dimitar Mitev", "gkanchev@septona-bgc.com", "Georgi Kanchev", "s.kuytov@skuytov.eu", "Salim Kuytov", "istoyanova@septona-bg.com", "Ivelina Stoyanova", "ddimitrova@septona-bg.com", "Doroteya Dimitrova", "smehandzhieva@septona-bg.com", "Stiliana Mehandzhieva", "Unknown" )} -> Unknown
A23: RKC 4.4T-5/TEL - кабел за датчик | B23: 5 | C23: 5 | D23: 45723 | E23: FALU, B&M - Клечки за уши | F23: 45716.234 | G23: Доставено | H23: CBP-0011 | 39275 | I23: SENSOMAT | J23: 45777 | N23: 19.76 | O23: =Cotton_Buds[[#This Row],[Цена за 1 бр. в BGN]]*Cotton_Buds[[#This Row],[Поръчано Количество]] -> 98.8 | R23: {=_xlfn.SWITCH(S23, "ivelikov@septona-bg.com", "Ivan Velikov", "andy@skuytov.eu", "Andrean Angelov", "ialeksandrov@septona-bg.com", "Ivailo Aleksandrov", "bgeorgiev@septona-bg.com", "Boris Georgiev", "iilev@septona-bg.com", "Ivailo Iliev", "dmitev@septona-bg.com", "Dimitar Mitev", "gkanchev@septona-bgc.com", "Georgi Kanchev", "s.kuytov@skuytov.eu", "Salim Kuytov", "istoyanova@septona-bg.com", "Ivelina Stoyanova", "ddimitrova@septona-bg.com", "Doroteya Dimitrova", "smehandzhieva@septona-bg.com", "Stiliana Mehandzhieva", "Unknown" )} -> Unknown
A24: Mobil SHC Cibus 150 20Lit | B24: 2 | D24: 45723 | E24: FALU, B&M - Клечки за уши | F24: 45716.235 | G24: Доставено | I24: ОМНИКАР БГ ЕООД | O24: =Cotton_Buds[[#This Row],[Цена за 1 бр. в BGN]]*Cotton_Buds[[#This Row],[Поръчано Количество]] -> 0 | R24: {=_xlfn.SWITCH(S24, "ivelikov@septona-bg.com", "Ivan Velikov", "andy@skuytov.eu", "Andrean Angelov", "ialeksandrov@septona-bg.com", "Ivailo Aleksandrov", "bgeorgiev@septona-bg.com", "Boris Georgiev", "iilev@septona-bg.com", "Ivailo Iliev", "dmitev@septona-bg.com", "Dimitar Mitev", "gkanchev@septona-bgc.com", "Georgi Kanchev", "s.kuytov@skuytov.eu", "Salim Kuytov", "istoyanova@septona-bg.com", "Ivelina Stoyanova", "ddimitrova@septona-bg.com", "Doroteya Dimitrova", "smehandzhieva@septona-bg.com", "Stiliana Mehandzhieva", "Unknown" )} -> Unknown
A25: Болтове за поасона | B25: 20 | D25: 45814 | E25: FALU - Тампони | F25: 45806.407 | G25: НОВ | O25: =Cotton_Buds[[#This Row],[Цена за 1 бр. в BGN]]*Cotton_Buds[[#This Row],[Поръчано Количество]] -> 0 | R25: {=_xlfn.SWITCH(S25, "ivelikov@septona-bg.com", "Ivan Velikov", "andy@skuytov.eu", "Andrean Angelov", "ialeksandrov@septona-bg.com", "Ivailo Aleksandrov", "bgeorgiev@septona-bg.com", "Boris Georgiev", "iilev@septona-bg.com", "Ivailo Iliev", "dmitev@septona-bg.com", "Dimitar Mitev", "gkanchev@septona-bgc.com", "Georgi Kanchev", "s.kuytov@skuytov.eu", "Salim Kuytov", "istoyanova@septona-bg.com", "Ivelina Stoyanova", "ddimitrova@septona-bg.com", "Doroteya Dimitrova", "smehandzhieva@septona-bg.com", "Stiliana Mehandzhieva", "Unknown" )} -> Unknown
A26: 222.204.103 Plain Bearing iglidur Ø08/10x10 - P210SM-0810-10 | B26: 20 | D26: 45814 | E26: FALU, B&M - Клечки за уши | F26: 45806.428 | G26: НОВ | I26: Hennlich | O26: =Cotton_Buds[[#This Row],[Цена за 1 бр. в BGN]]*Cotton_Buds[[#This Row],[Поръчано Количество]] -> 0 | R26: {=_xlfn.SWITCH(S26, "ivelikov@septona-bg.com", "Ivan Velikov", "andy@skuytov.eu", "Andrean Angelov", "ialeksandrov@septona-bg.com", "Ivailo Aleksandrov", "bgeorgiev@septona-bg.com", "Boris Georgiev", "iilev@septona-bg.com", "Ivailo Iliev", "dmitev@septona-bg.com", "Dimitar Mitev", "gkanchev@septona-bgc.com", "Georgi Kanchev", "s.kuytov@skuytov.eu", "Salim Kuytov", "istoyanova@septona-bg.com", "Ivelina Stoyanova", "ddimitrova@septona-bg.com", "Doroteya Dimitrova", "smehandzhieva@septona-bg.com", "Stiliana Mehandzhieva", "Unknown" )} -> Unknown
A27: Болтове М5/М6 — 10/16/20/25 | B27: 50 | D27: 45818 | E27: Общи | F27: 45812.272 | G27: Доставено | I27: ИТТ | O27: =Cotton_Buds[[#This Row],[Цена за 1 бр. в BGN]]*Cotton_Buds[[#This Row],[Поръчано Количество]] -> 0 | R27: {=_xlfn.SWITCH(S27, "ivelikov@septona-bg.com", "Ivan Velikov", "andy@skuytov.eu", "Andrean Angelov", "ialeksandrov@septona-bg.com", "Ivailo Aleksandrov", "bgeorgiev@septona-bg.com", "Boris Georgiev", "iilev@septona-bg.com", "Ivailo Iliev", "dmitev@septona-bg.com", "Dimitar Mitev", "gkanchev@septona-bgc.com", "Georgi Kanchev", "s.kuytov@skuytov.eu", "Salim Kuytov", "istoyanova@septona-bg.com", "Ivelina Stoyanova", "ddimitrova@septona-bg.com", "Doroteya Dimitrova", "smehandzhieva@septona-bg.com", "Stiliana Mehandzhieva", "Unknown" )} -> Unknown
A28: Кръстат ключ за ел. табла | B28: 3 | D28: 45736 | E28: Инструменти | F28: 45721.325 | G28: Доставено | I28: RECA | O28: =Cotton_Buds[[#This Row],[Цена за 1 бр. в BGN]]*Cotton_Buds[[#This Row],[Поръчано Количество]] -> 0 | R28: {=_xlfn.SWITCH(S28, "ivelikov@septona-bg.com", "Ivan Velikov", "andy@skuytov.eu", "Andrean Angelov", "ialeksandrov@septona-bg.com", "Ivailo Aleksandrov", "bgeorgiev@septona-bg.com", "Boris Georgiev", "iilev@septona-bg.com", "Ivailo Iliev", "dmitev@septona-bg.com", "Dimitar Mitev", "gkanchev@septona-bgc.com", "Georgi Kanchev", "s.kuytov@skuytov.eu", "Salim Kuytov", "istoyanova@septona-bg.com", "Ivelina Stoyanova", "ddimitrova@septona-bg.com", "Doroteya Dimitrova", "smehandzhieva@septona-bg.com", "Stiliana Mehandzhieva", "Unknown" )} -> Unknown
A29: Лист за ножовка, Bi-Metal, 24TPI, 12.5 x 300 мм, 2 бр HG HT3S280 | B29: 4 | C29: 4 | D29: 45729 | E29: Инструменти | F29: 45721.327 | G29: Доставено | H29: 162689 | I29: ИТТ | J29: 45728 | L29: 45728 | M29: 4 | N29: =4.76/2 -> 2.38 | O29: =Cotton_Buds[[#This Row],[Цена за 1 бр. в BGN]]*Cotton_Buds[[#This Row],[Поръчано Количество]] -> 9.52 | R29: {=_xlfn.SWITCH(S29, "ivelikov@septona-bg.com", "Ivan Velikov", "andy@skuytov.eu", "Andrean Angelov", "ialeksandrov@septona-bg.com", "Ivailo Aleksandrov", "bgeorgiev@septona-bg.com", "Boris Georgiev", "iilev@septona-bg.com", "Ivailo Iliev", "dmitev@septona-bg.com", "Dimitar Mitev", "gkanchev@septona-bgc.com", "Georgi Kanchev", "s.kuytov@skuytov.eu", "Salim Kuytov", "istoyanova@septona-bg.com", "Ivelina Stoyanova", "ddimitrova@septona-bg.com", "Doroteya Dimitrova", "smehandzhieva@septona-bg.com", "Stiliana Mehandzhieva", "Unknown" )} -> Unknown
A30: DSNU-25-228-PPV-A | B30: 3 | C30: 3 | D30: 45722 | E30: ACM | F30: 45721.331 | G30: Доставено | H30: 2535091031 | I30: FESTO | J30: 45735 | L30: 45726 | N30: 120.95 | O30: =Cotton_Buds[[#This Row],[Цена за 1 бр. в BGN]]*Cotton_Buds[[#This Row],[Поръчано Количество]] -> 362.85 | P30: 1460230406 | R30: {=_xlfn.SWITCH(S30, "ivelikov@septona-bg.com", "Ivan Velikov", "andy@skuytov.eu", "Andrean Angelov", "ialeksandrov@septona-bg.com", "Ivailo Aleksandrov", "bgeorgiev@septona-bg.com", "Boris Georgiev", "iilev@septona-bg.com", "Ivailo Iliev", "dmitev@septona-bg.com", "Dimitar Mitev", "gkanchev@septona-bgc.com", "Georgi Kanchev", "s.kuytov@skuytov.eu", "Salim Kuytov", "istoyanova@septona-bg.com", "Ivelina Stoyanova", "ddimitrova@septona-bg.com", "Doroteya Dimitrova", "smehandzhieva@septona-bg.com", "Stiliana Mehandzhieva", "Unknown" )} -> Unknown
A31: мотор seipee type JM90LA2B5 --> K20279 BONFIGLIOLI BE 90L 2 230/400-50 IP55 CLF B5 триф.ел.мотор IE2 P=2.2kW n=2870min-1 | B31: 1 | C31: 1 | D31: 45721 | E31: Инструменти | F31: 45721.535 | G31: Доставено | H31: CBP-0003 | I31: УЛМЕР | J31: 45724 | K31: SPEEDY - 63017193674 | L31: 45724 | N31: 509 | O31: =Cotton_Buds[[#This Row],[Цена за 1 бр. в BGN]]*Cotton_Buds[[#This Row],[Поръчано Количество]] -> 509 | R31: {=_xlfn.SWITCH(S31, "ivelikov@septona-bg.com", "Ivan Velikov", "andy@skuytov.eu", "Andrean Angelov", "ialeksandrov@septona-bg.com", "Ivailo Aleksandrov", "bgeorgiev@septona-bg.com", "Boris Georgiev", "iilev@septona-bg.com", "Ivailo Iliev", "dmitev@septona-bg.com", "Dimitar Mitev", "gkanchev@septona-bgc.com", "Georgi Kanchev", "s.kuytov@skuytov.eu", "Salim Kuytov", "istoyanova@septona-bg.com", "Ivelina Stoyanova", "ddimitrova@septona-bg.com", "Doroteya Dimitrova", "smehandzhieva@septona-bg.com", "Stiliana Mehandzhieva", "Unknown" )} -> Unknown
A32: Цилиндър Metal Work 1100250060CP --> Festo DSNU-25-60-PPV-A | B32: 4 | C32: 4 | D32: 45727 | E32: ACM | F32: 45722.269 | G32: Доставено | H32: 2535091060 | I32: FESTO | J32: 45736 | L32: 45737 | N32: 96.44 | O32: =Cotton_Buds[[#This Row],[Цена за 1 бр. в BGN]]*Cotton_Buds[[#This Row],[Поръчано Количество]] -> 385.76 | R32: {=_xlfn.SWITCH(S32, "ivelikov@septona-bg.com", "Ivan Velikov", "andy@skuytov.eu", "Andrean Angelov", "ialeksandrov@septona-bg.com", "Ivailo Aleksandrov", "bgeorgiev@septona-bg.com", "Boris Georgiev", "iilev@septona-bg.com", "Ivailo Iliev", "dmitev@septona-bg.com", "Dimitar Mitev", "gkanchev@septona-bgc.com", "Georgi Kanchev", "s.kuytov@skuytov.eu", "Salim Kuytov", "istoyanova@septona-bg.com", "Ivelina Stoyanova", "ddimitrova@septona-bg.com", "Doroteya Dimitrova", "smehandzhieva@septona-bg.com", "Stiliana Mehandzhieva", "Unknown" )} -> Unknown
A33: Цилиндър FESTO DSNU-25-55-PPV-A | B33: 1 | C33: 1 | D33: 45736 | E33: ACM | F33: 45722.269 | G33: Доставено | H33: 2535091060 | I33: FESTO | J33: 45736 | L33: 45735 | N33: 111.91 | O33: =Cotton_Buds[[#This Row],[Цена за 1 бр. в BGN]]*Cotton_Buds[[#This Row],[Поръчано Количество]] -> 111.91 | R33: {=_xlfn.SWITCH(S33, "ivelikov@septona-bg.com", "Ivan Velikov", "andy@skuytov.eu", "Andrean Angelov", "ialeksandrov@septona-bg.com", "Ivailo Aleksandrov", "bgeorgiev@septona-bg.com", "Boris Georgiev", "iilev@septona-bg.com", "Ivailo Iliev", "dmitev@septona-bg.com", "Dimitar Mitev", "gkanchev@septona-bgc.com", "Georgi Kanchev", "s.kuytov@skuytov.eu", "Salim Kuytov", "istoyanova@septona-bg.com", "Ivelina Stoyanova", "ddimitrova@septona-bg.com", "Doroteya Dimitrova", "smehandzhieva@septona-bg.com", "Stiliana Mehandzhieva", "Unknown" )} -> Unknown
A34: Спирателен/хидрантен кран 2" месингов | B34: 1 | C34: 1 | D34: 45728 | E34: Инструменти | F34: 45723.405 | G34: Доставено | I34: Филипчев | J34: 45729 | N34: 65 | O34: =Cotton_Buds[[#This Row],[Цена за 1 бр. в BGN]]*Cotton_Buds[[#This Row],[Поръчано Количество]] -> 65 | R34: {=_xlfn.SWITCH(S34, "ivelikov@septona-bg.com", "Ivan Velikov", "andy@skuytov.eu", "Andrean Angelov", "ialeksandrov@septona-bg.com", "Ivailo Aleksandrov", "bgeorgiev@septona-bg.com", "Boris Georgiev", "iilev@septona-bg.com", "Ivailo Iliev", "dmitev@septona-bg.com", "Dimitar Mitev", "gkanchev@septona-bgc.com", "Georgi Kanchev", "s.kuytov@skuytov.eu", "Salim Kuytov", "istoyanova@septona-bg.com", "Ivelina Stoyanova", "ddimitrova@septona-bg.com", "Doroteya Dimitrova", "smehandzhieva@septona-bg.com", "Stiliana Mehandzhieva", "Unknown" )} -> Unknown
A35: Чукове — 800 грама (EURO 30480) | B35: 3 | C35: 3 | D35: 45817 | E35: Общи | F35: 45812.273 | G35: Доставено | H35: 177751 | I35: ИТТ | J35: 45835 | L35: 45835 | M35: 3 | N35: 8.63 | O35: =Cotton_Buds[[#This Row],[Цена за 1 бр. в BGN]]*Cotton_Buds[[#This Row],[Поръчано Количество]] -> 25.89 | R35: {=_xlfn.SWITCH(S35, "ivelikov@septona-bg.com", "Ivan Velikov", "andy@skuytov.eu", "Andrean Angelov", "ialeksandrov@septona-bg.com", "Ivailo Aleksandrov", "bgeorgiev@septona-bg.com", "Boris Georgiev", "iilev@septona-bg.com", "Ivailo Iliev", "dmitev@septona-bg.com", "Dimitar Mitev", "gkanchev@septona-bgc.com", "Georgi Kanchev", "s.kuytov@skuytov.eu", "Salim Kuytov", "istoyanova@septona-bg.com", "Ivelina Stoyanova", "ddimitrova@septona-bg.com", "Doroteya Dimitrova", "smehandzhieva@septona-bg.com", "Stiliana Mehandzhieva", "Unknown" )} -> Unknown
A36: Болт с вътрешен шестостен M4x25 | B36: 30 | C36: =B36 -> 30 | D36: 45730 | E36: Инструменти | F36: 45726.394 | G36: Доставено | H36: 162689 | I36: ИТТ | J36: 45728 | L36: 45728 | M36: 30 | N36: =5.39/30 -> 0.17966667 | O36: =Cotton_Buds[[#This Row],[Цена за 1 бр. в BGN]]*Cotton_Buds[[#This Row],[Поръчано Количество]] -> 5.39 | R36: {=_xlfn.SWITCH(S36, "ivelikov@septona-bg.com", "Ivan Velikov", "andy@skuytov.eu", "Andrean Angelov", "ialeksandrov@septona-bg.com", "Ivailo Aleksandrov", "bgeorgiev@septona-bg.com", "Boris Georgiev", "iilev@septona-bg.com", "Ivailo Iliev", "dmitev@septona-bg.com", "Dimitar Mitev", "gkanchev@septona-bgc.com", "Georgi Kanchev", "s.kuytov@skuytov.eu", "Salim Kuytov", "istoyanova@septona-bg.com", "Ivelina Stoyanova", "ddimitrova@septona-bg.com", "Doroteya Dimitrova", "smehandzhieva@septona-bg.com", "Stiliana Mehandzhieva", "Unknown" )} -> Unknown
A37: Болт с вътрешен шестостен M4x16 | B37: 30 | C37: =B37 -> 30 | D37: 45730 | E37: Инструменти | F37: 45726.394 | G37: Доставено | H37: 162689 | I37: ИТТ | J37: 45728 | L37: 45728 | M37: 30 | N37: =4.72/30 -> 0.15733333 | O37: =Cotton_Buds[[#This Row],[Цена за 1 бр. в BGN]]*Cotton_Buds[[#This Row],[Поръчано Количество]] -> 4.72 | R37: {=_xlfn.SWITCH(S37, "ivelikov@septona-bg.com", "Ivan Velikov", "andy@skuytov.eu", "Andrean Angelov", "ialeksandrov@septona-bg.com", "Ivailo Aleksandrov", "bgeorgiev@septona-bg.com", "Boris Georgiev", "iilev@septona-bg.com", "Ivailo Iliev", "dmitev@septona-bg.com", "Dimitar Mitev", "gkanchev@septona-bgc.com", "Georgi Kanchev", "s.kuytov@skuytov.eu", "Salim Kuytov", "istoyanova@septona-bg.com", "Ivelina Stoyanova", "ddimitrova@septona-bg.com", "Doroteya Dimitrova", "smehandzhieva@septona-bg.com", "Stiliana Mehandzhieva", "Unknown" )} -> Unknown
A38: Болт с вътрешен шестостен M6x25 | B38: 30 | C38: =B38 -> 30 | D38: 45730 | E38: Инструменти | F38: 45726.393 | G38: Доставено | H38: 162689 | I38: ИТТ | J38: 45728 | L38: 45728 | M38: 30 | N38: =7.58/30 -> 0.25266667 | O38: =Cotton_Buds[[#This Row],[Цена за 1 бр. в BGN]]*Cotton_Buds[[#This Row],[Поръчано Количество]] -> 7.58 | R38: {=_xlfn.SWITCH(S38, "ivelikov@septona-bg.com", "Ivan Velikov", "andy@skuytov.eu", "Andrean Angelov", "ialeksandrov@septona-bg.com", "Ivailo Aleksandrov", "bgeorgiev@septona-bg.com", "Boris Georgiev", "iilev@septona-bg.com", "Ivailo Iliev", "dmitev@septona-bg.com", "Dimitar Mitev", "gkanchev@septona-bgc.com", "Georgi Kanchev", "s.kuytov@skuytov.eu", "Salim Kuytov", "istoyanova@septona-bg.com", "Ivelina Stoyanova", "ddimitrova@septona-bg.com", "Doroteya Dimitrova", "smehandzhieva@septona-bg.com", "Stiliana Mehandzhieva", "Unknown" )} -> Unknown
A39: Болт с вътрешен шестостен M6x20 | B39: 30 | C39: =B39 -> 30 | D39: 45730 | E39: Инструменти | F39: 45726.393 | G39: Доставено | H39: 162689 | I39: ИТТ | J39: 45728 | L39: 45728 | M39: 30 | N39: =6.98/30 -> 0.23266667 | O39: =Cotton_Buds[[#This Row],[Цена за 1 бр. в BGN]]*Cotton_Buds[[#This Row],[Поръчано Количество]] -> 6.98 | R39: {=_xlfn.SWITCH(S39, "ivelikov@septona-bg.com", "Ivan Velikov", "andy@skuytov.eu", "Andrean Angelov", "ialeksandrov@septona-bg.com", "Ivailo Aleksandrov", "bgeorgiev@septona-bg.com", "Boris Georgiev", "iilev@septona-bg.com", "Ivailo Iliev", "dmitev@septona-bg.com", "Dimitar Mitev", "gkanchev@septona-bgc.com", "Georgi Kanchev", "s.kuytov@skuytov.eu", "Salim Kuytov", "istoyanova@septona-bg.com", "Ivelina Stoyanova", "ddimitrova@septona-bg.com", "Doroteya Dimitrova", "smehandzhieva@septona-bg.com", "Stiliana Mehandzhieva", "Unknown" )} -> Unknown
A40: Болт с вътрешен шестостен M6x16 | B40: 30 | C40: =B40 -> 30 | D40: 45730 | E40: Инструменти | F40: 45726.393 | G40: Доставено | H40: 162689 | I40: ИТТ | J40: 45728 | L40: 45728 | M40: 30 | N40: =6.7/30 -> 0.22333333 | O40: =Cotton_Buds[[#This Row],[Цена за 1 бр. в BGN]]*Cotton_Buds[[#This Row],[Поръчано Количество]] -> 6.7 | R40: {=_xlfn.SWITCH(S40, "ivelikov@septona-bg.com", "Ivan Velikov", "andy@skuytov.eu", "Andrean Angelov", "ialeksandrov@septona-bg.com", "Ivailo Aleksandrov", "bgeorgiev@septona-bg.com", "Boris Georgiev", "iilev@septona-bg.com", "Ivailo Iliev", "dmitev@septona-bg.com", "Dimitar Mitev", "gkanchev@septona-bgc.com", "Georgi Kanchev", "s.kuytov@skuytov.eu", "Salim Kuytov", "istoyanova@septona-bg.com", "Ivelina Stoyanova", "ddimitrova@septona-bg.com", "Doroteya Dimitrova", "smehandzhieva@septona-bg.com", "Stiliana Mehandzhieva", "Unknown" )} -> Unknown
A41: Болт с вътрешен шестостен M5x25 | B41: 30 | C41: =B41 -> 30 | D41: 45730 | E41: Инструменти | F41: 45726.393 | G41: Доставено | H41: 162689 | I41: ИТТ | J41: 45728 | L41: 45728 | M41: 30 | N41: =6.81/30 -> 0.227 | O41: =Cotton_Buds[[#This Row],[Цена за 1 бр. в BGN]]*Cotton_Buds[[#This Row],[Поръчано Количество]] -> 6.81 | R41: {=_xlfn.SWITCH(S41, "ivelikov@septona-bg.com", "Ivan Velikov", "andy@skuytov.eu", "Andrean Angelov", "ialeksandrov@septona-bg.com", "Ivailo Aleksandrov", "bgeorgiev@septona-bg.com", "Boris Georgiev", "iilev@septona-bg.com", "Ivailo Iliev", "dmitev@septona-bg.com", "Dimitar Mitev", "gkanchev@septona-bgc.com", "Georgi Kanchev", "s.kuytov@skuytov.eu", "Salim Kuytov", "istoyanova@septona-bg.com", "Ivelina Stoyanova", "ddimitrova@septona-bg.com", "Doroteya Dimitrova", "smehandzhieva@septona-bg.com", "Stiliana Mehandzhieva", "Unknown" )} -> Unknown
A42: Болт с вътрешен шестостен M5x20 | B42: 30 | C42: =B42 -> 30 | D42: 45730 | E42: Инструменти | F42: 45726.392 | G42: Доставено | H42: 162689 | I42: ИТТ | J42: 45728 | L42: 45728 | M42: 30 | N42: =5.53/30 -> 0.18433333 | O42: =Cotton_Buds[[#This Row],[Цена за 1 бр. в BGN]]*Cotton_Buds[[#This Row],[Поръчано Количество]] -> 5.53 | R42: {=_xlfn.SWITCH(S42, "ivelikov@septona-bg.com", "Ivan Velikov", "andy@skuytov.eu", "Andrean Angelov", "ialeksandrov@septona-bg.com", "Ivailo Aleksandrov", "bgeorgiev@septona-bg.com", "Boris Georgiev", "iilev@septona-bg.com", "Ivailo Iliev", "dmitev@septona-bg.com", "Dimitar Mitev", "gkanchev@septona-bgc.com", "Georgi Kanchev", "s.kuytov@skuytov.eu", "Salim Kuytov", "istoyanova@septona-bg.com", "Ivelina Stoyanova", "ddimitrova@septona-bg.com", "Doroteya Dimitrova", "smehandzhieva@septona-bg.com", "Stiliana Mehandzhieva", "Unknown" )} -> Unknown
A43: Болт с вътрешен шестостен M5x16 | B43: 30 | C43: =B43 -> 30 | D43: 45730 | E43: Инструменти | F43: 45726.392 | G43: Доставено | H43: 162689 | I43: ИТТ | J43: 45728 | L43: 45728 | M43: 30 | N43: =5.21/30 -> 0.17366667 | O43: =Cotton_Buds[[#This Row],[Цена за 1 бр. в BGN]]*Cotton_Buds[[#This Row],[Поръчано Количество]] -> 5.21 | R43: {=_xlfn.SWITCH(S43, "ivelikov@septona-bg.com", "Ivan Velikov", "andy@skuytov.eu", "Andrean Angelov", "ialeksandrov@septona-bg.com", "Ivailo Aleksandrov", "bgeorgiev@septona-bg.com", "Boris Georgiev", "iilev@septona-bg.com", "Ivailo Iliev", "dmitev@septona-bg.com", "Dimitar Mitev", "gkanchev@septona-bgc.com", "Georgi Kanchev", "s.kuytov@skuytov.eu", "Salim Kuytov", "istoyanova@septona-bg.com", "Ivelina Stoyanova", "ddimitrova@septona-bg.com", "Doroteya Dimitrova", "smehandzhieva@septona-bg.com", "Stiliana Mehandzhieva", "Unknown" )} -> Unknown
A44: Лагер 6205 | B44: 10 | C44: 10 | D44: 45730 | E44: Инструменти | F44: 45726.39 | G44: Доставено | O44: =Cotton_Buds[[#This Row],[Цена за 1 бр. в BGN]]*Cotton_Buds[[#This Row],[Поръчано Количество]] -> 0 | R44: {=_xlfn.SWITCH(S44, "ivelikov@septona-bg.com", "Ivan Velikov", "andy@skuytov.eu", "Andrean Angelov", "ialeksandrov@septona-bg.com", "Ivailo Aleksandrov", "bgeorgiev@septona-bg.com", "Boris Georgiev", "iilev@septona-bg.com", "Ivailo Iliev", "dmitev@septona-bg.com", "Dimitar Mitev", "gkanchev@septona-bgc.com", "Georgi Kanchev", "s.kuytov@skuytov.eu", "Salim Kuytov", "istoyanova@septona-bg.com", "Ivelina Stoyanova", "ddimitrova@septona-bg.com", "Doroteya Dimitrova", "smehandzhieva@septona-bg.com", "Stiliana Mehandzhieva", "Unknown" )} -> Unknown
A45: Ключове за табла - кръстат ( EDE 4030884001776) | B45: 5 | C45: 5 | D45: 45821 | E45: Общи | F45: 45812.274 | G45: Доставено | H45: 177751 | I45: ИТТ | J45: 45835 | L45: 45835 | M45: 2 | N45: 27.7 | O45: =Cotton_Buds[[#This Row],[Цена за 1 бр. в BGN]]*Cotton_Buds[[#This Row],[Поръчано Количество]] -> 138.5 | R45: {=_xlfn.SWITCH(S45, "ivelikov@septona-bg.com", "Ivan Velikov", "andy@skuytov.eu", "Andrean Angelov", "ialeksandrov@septona-bg.com", "Ivailo Aleksandrov", "bgeorgiev@septona-bg.com", "Boris Georgiev", "iilev@septona-bg.com", "Ivailo Iliev", "dmitev@septona-bg.com", "Dimitar Mitev", "gkanchev@septona-bgc.com", "Georgi Kanchev", "s.kuytov@skuytov.eu", "Salim Kuytov", "istoyanova@septona-bg.com", "Ivelina Stoyanova", "ddimitrova@septona-bg.com", "Doroteya Dimitrova", "smehandzhieva@septona-bg.com", "Stiliana Mehandzhieva", "Unknown" )} -> Unknown
A46: GIMATIC- 2321838- вендузи | B46: 500 | D46: 45828 | E46: ACM | F46: 45812.29 | G46: Доставено | H46: CBP-0029 | O46: =Cotton_Buds[[#This Row],[Цена за 1 бр. в BGN]]*Cotton_Buds[[#This Row],[Поръчано Количество]] -> 0 | R46: {=_xlfn.SWITCH(S46, "ivelikov@septona-bg.com", "Ivan Velikov", "andy@skuytov.eu", "Andrean Angelov", "ialeksandrov@septona-bg.com", "Ivailo Aleksandrov", "bgeorgiev@septona-bg.com", "Boris Georgiev", "iilev@septona-bg.com", "Ivailo Iliev", "dmitev@septona-bg.com", "Dimitar Mitev", "gkanchev@septona-bgc.com", "Georgi Kanchev", "s.kuytov@skuytov.eu", "Salim Kuytov", "istoyanova@septona-bg.com", "Ivelina Stoyanova", "ddimitrova@septona-bg.com", "Doroteya Dimitrova", "smehandzhieva@septona-bg.com", "Stiliana Mehandzhieva", "Unknown" )} -> Unknown
A47: Болт с вътрешен шестостен M4x20 | B47: 30 | C47: =B47 -> 30 | D47: 45730 | E47: Инструменти | F47: 45726.409 | G47: Доставено | H47: 162689 | I47: ИТТ | J47: 45728 | L47: 45728 | M47: 30 | N47: =5.21/30 -> 0.17366667 | O47: =Cotton_Buds[[#This Row],[Цена за 1 бр. в BGN]]*Cotton_Buds[[#This Row],[Поръчано Количество]] -> 5.21 | R47: {=_xlfn.SWITCH(S47, "ivelikov@septona-bg.com", "Ivan Velikov", "andy@skuytov.eu", "Andrean Angelov", "ialeksandrov@septona-bg.com", "Ivailo Aleksandrov", "bgeorgiev@septona-bg.com", "Boris Georgiev", "iilev@septona-bg.com", "Ivailo Iliev", "dmitev@septona-bg.com", "Dimitar Mitev", "gkanchev@septona-bgc.com", "Georgi Kanchev", "s.kuytov@skuytov.eu", "Salim Kuytov", "istoyanova@septona-bg.com", "Ivelina Stoyanova", "ddimitrova@septona-bg.com", "Doroteya Dimitrova", "smehandzhieva@septona-bg.com", "Stiliana Mehandzhieva", "Unknown" )} -> Unknown
A48: Шпилка, DIN 976, 4.8, vZn, M 4 x 1000 | B48: 2 | C48: =B48 -> 2 | D48: 45730 | E48: Общи | F48: 45726.481 | G48: Доставено | H48: 162689 | I48: ИТТ | J48: 45728 | L48: 45728 | M48: 2 | N48: =9.2/2 -> 4.6 | O48: =Cotton_Buds[[#This Row],[Цена за 1 бр. в BGN]]*Cotton_Buds[[#This Row],[Поръчано Количество]] -> 9.2 | R48: {=_xlfn.SWITCH(S48, "ivelikov@septona-bg.com", "Ivan Velikov", "andy@skuytov.eu", "Andrean Angelov", "ialeksandrov@septona-bg.com", "Ivailo Aleksandrov", "bgeorgiev@septona-bg.com", "Boris Georgiev", "iilev@septona-bg.com", "Ivailo Iliev", "dmitev@septona-bg.com", "Dimitar Mitev", "gkanchev@septona-bgc.com", "Georgi Kanchev", "s.kuytov@skuytov.eu", "Salim Kuytov", "istoyanova@septona-bg.com", "Ivelina Stoyanova", "ddimitrova@septona-bg.com", "Doroteya Dimitrova", "smehandzhieva@septona-bg.com", "Stiliana Mehandzhieva", "Unknown" )} -> Unknown
A49: Шпилка, DIN 976, 4.8, vZn, M 5 x 1000 | B49: 2 | C49: =B49 -> 2 | D49: 45730 | E49: Общи | F49: 45726.482 | G49: Доставено | H49: 162689 | I49: ИТТ | J49: 45728 | L49: 45728 | M49: 2 | N49: =3.1/2 -> 1.55 | O49: =Cotton_Buds[[#This Row],[Цена за 1 бр. в BGN]]*Cotton_Buds[[#This Row],[Поръчано Количество]] -> 3.1 | R49: {=_xlfn.SWITCH(S49, "ivelikov@septona-bg.com", "Ivan Velikov", "andy@skuytov.eu", "Andrean Angelov", "ialeksandrov@septona-bg.com", "Ivailo Aleksandrov", "bgeorgiev@septona-bg.com", "Boris Georgiev", "iilev@septona-bg.com", "Ivailo Iliev", "dmitev@septona-bg.com", "Dimitar Mitev", "gkanchev@septona-bgc.com", "Georgi Kanchev", "s.kuytov@skuytov.eu", "Salim Kuytov", "istoyanova@septona-bg.com", "Ivelina Stoyanova", "ddimitrova@septona-bg.com", "Doroteya Dimitrova", "smehandzhieva@septona-bg.com", "Stiliana Mehandzhieva", "Unknown" )} -> Unknown
A50: Шпилка, DIN 976, 4.8, vZn, M 10 x 1000 | B50: 2 | C50: =B50 -> 2 | D50: 45730 | E50: Общи | F50: 45726.482 | G50: Доставено | H50: 162689 | I50: ИТТ | J50: 45728 | L50: 45728 | M50: 2 | N50: 4.3 | O50: =Cotton_Buds[[#This Row],[Цена за 1 бр. в BGN]]*Cotton_Buds[[#This Row],[Поръчано Количество]] -> 8.6 | R50: {=_xlfn.SWITCH(S50, "ivelikov@septona-bg.com", "Ivan Velikov", "andy@skuytov.eu", "Andrean Angelov", "ialeksandrov@septona-bg.com", "Ivailo Aleksandrov", "bgeorgiev@septona-bg.com", "Boris Georgiev", "iilev@septona-bg.com", "Ivailo Iliev", "dmitev@septona-bg.com", "Dimitar Mitev", "gkanchev@septona-bgc.com", "Georgi Kanchev", "s.kuytov@skuytov.eu", "Salim Kuytov", "istoyanova@septona-bg.com", "Ivelina Stoyanova", "ddimitrova@septona-bg.com", "Doroteya Dimitrova", "smehandzhieva@septona-bg.com", "Stiliana Mehandzhieva", "Unknown" )} -> Unknown
A51: Шпилка, DIN 976, 4.8, vZn, M 12 x 1000 | B51: 2 | C51: =B51 -> 2 | D51: 45730 | E51: Общи | F51: 45726.482 | G51: Доставено | H51: 162689 | I51: ИТТ | J51: 45728 | L51: 45728 | M51: 2 | N51: 6.21 | O51: =Cotton_Buds[[#This Row],[Цена за 1 бр. в BGN]]*Cotton_Buds[[#This Row],[Поръчано Количество]] -> 12.42 | R51: {=_xlfn.SWITCH(S51, "ivelikov@septona-bg.com", "Ivan Velikov", "andy@skuytov.eu", "Andrean Angelov", "ialeksandrov@septona-bg.com", "Ivailo Aleksandrov", "bgeorgiev@septona-bg.com", "Boris Georgiev", "iilev@septona-bg.com", "Ivailo Iliev", "dmitev@septona-bg.com", "Dimitar Mitev", "gkanchev@septona-bgc.com", "Georgi Kanchev", "s.kuytov@skuytov.eu", "Salim Kuytov", "istoyanova@septona-bg.com", "Ivelina Stoyanova", "ddimitrova@septona-bg.com", "Doroteya Dimitrova", "smehandzhieva@septona-bg.com", "Stiliana Mehandzhieva", "Unknown" )} -> Unknown
A52: Шпилка, DIN 976, 8.8, Bl., M 6 x 1000 | B52: 5 | C52: =B52 -> 5 | D52: 45730 | E52: Общи | F52: 45726.482 | G52: Доставено | H52: 162689 | I52: ИТТ | J52: 45728 | L52: 45728 | M52: 5 | N52: 1.55 | O52: =Cotton_Buds[[#This Row],[Цена за 1 бр. в BGN]]*Cotton_Buds[[#This Row],[Поръчано Количество]] -> 7.75 | R52: {=_xlfn.SWITCH(S52, "ivelikov@septona-bg.com", "Ivan Velikov", "andy@skuytov.eu", "Andrean Angelov", "ialeksandrov@septona-bg.com", "Ivailo Aleksandrov", "bgeorgiev@septona-bg.com", "Boris Georgiev", "iilev@septona-bg.com", "Ivailo Iliev", "dmitev@septona-bg.com", "Dimitar Mitev", "gkanchev@septona-bgc.com", "Georgi Kanchev", "s.kuytov@skuytov.eu", "Salim Kuytov", "istoyanova@septona-bg.com", "Ivelina Stoyanova", "ddimitrova@septona-bg.com", "Doroteya Dimitrova", "smehandzhieva@septona-bg.com", "Stiliana Mehandzhieva", "Unknown" )} -> Unknown
A53: Шпилка, DIN 976, 8.8, Bl., M 8 x 1000 | B53: 5 | C53: =B53 -> 5 | D53: 45730 | E53: Общи | F53: 45726.483 | G53: Доставено | H53: 162689 | I53: ИТТ | J53: 45728 | L53: 45728 | M53: 5 | N53: 2.73 | O53: =Cotton_Buds[[#This Row],[Цена за 1 бр. в BGN]]*Cotton_Buds[[#This Row],[Поръчано Количество]] -> 13.65 | R53: {=_xlfn.SWITCH(S53, "ivelikov@septona-bg.com", "Ivan Velikov", "andy@skuytov.eu", "Andrean Angelov", "ialeksandrov@septona-bg.com", "Ivailo Aleksandrov", "bgeorgiev@septona-bg.com", "Boris Georgiev", "iilev@septona-bg.com", "Ivailo Iliev", "dmitev@septona-bg.com", "Dimitar Mitev", "gkanchev@septona-bgc.com", "Georgi Kanchev", "s.kuytov@skuytov.eu", "Salim Kuytov", "istoyanova@septona-bg.com", "Ivelina Stoyanova", "ddimitrova@septona-bg.com", "Doroteya Dimitrova", "smehandzhieva@septona-bg.com", "Stiliana Mehandzhieva", "Unknown" )} -> Unknown
A54: SICK RE13-SA64S06 2071388 + RE13-SK 2065105 | B54: 3 | C54: 3 | D54: 45737 | E54: FALU, B&M - Клечки за уши | F54: 45727.344 | G54: Доставено | H54: CBP-0002/ 21342151 | I54: SICK AG | J54: 45737 | L54: 45737 | N54: 64.68 | O54: =Cotton_Buds[[#This Row],[Цена за 1 бр. в BGN]]*Cotton_Buds[[#This Row],[Поръчано Количество]] -> 194.04 | R54: {=_xlfn.SWITCH(S54, "ivelikov@septona-bg.com", "Ivan Velikov", "andy@skuytov.eu", "Andrean Angelov", "ialeksandrov@septona-bg.com", "Ivailo Aleksandrov", "bgeorgiev@septona-bg.com", "Boris Georgiev", "iilev@septona-bg.com", "Ivailo Iliev", "dmitev@septona-bg.com", "Dimitar Mitev", "gkanchev@septona-bgc.com", "Georgi Kanchev", "s.kuytov@skuytov.eu", "Salim Kuytov", "istoyanova@septona-bg.com", "Ivelina Stoyanova", "ddimitrova@septona-bg.com", "Doroteya Dimitrova", "smehandzhieva@septona-bg.com", "Stiliana Mehandzhieva", "Unknown" )} -> Unknown
A55: SICK Part No. 6025570 Connectors and cables DOS-1204-WX | B55: 5 | C55: 5 | D55: 45737 | E55: ACM | F55: 45727.373 | G55: Доставено | H55: CBP-0002/ 21342151 | I55: SICK AG | J55: 45737 | L55: 45737 | N55: 12.01 | O55: =Cotton_Buds[[#This Row],[Цена за 1 бр. в BGN]]*Cotton_Buds[[#This Row],[Поръчано Количество]] -> 60.05 | R55: {=_xlfn.SWITCH(S55, "ivelikov@septona-bg.com", "Ivan Velikov", "andy@skuytov.eu", "Andrean Angelov", "ialeksandrov@septona-bg.com", "Ivailo Aleksandrov", "bgeorgiev@septona-bg.com", "Boris Georgiev", "iilev@septona-bg.com", "Ivailo Iliev", "dmitev@septona-bg.com", "Dimitar Mitev", "gkanchev@septona-bgc.com", "Georgi Kanchev", "s.kuytov@skuytov.eu", "Salim Kuytov", "istoyanova@septona-bg.com", "Ivelina Stoyanova", "ddimitrova@septona-bg.com", "Doroteya Dimitrova", "smehandzhieva@septona-bg.com", "Stiliana Mehandzhieva", "Unknown" )} -> Unknown
A56: SICK Part No. 2105351 Connectors and cables YG2A14-030UB3XLEAX | B56: 5 | C56: 5 | D56: 45737 | E56: ACM | F56: 45727.374 | G56: Доставено | H56: CBP-0002/ 21342151 | I56: SICK AG | J56: 45737 | L56: 45737 | N56: 10.64 | O56: =Cotton_Buds[[#This Row],[Цена за 1 бр. в BGN]]*Cotton_Buds[[#This Row],[Поръчано Количество]] -> 53.2 | R56: {=_xlfn.SWITCH(S56, "ivelikov@septona-bg.com", "Ivan Velikov", "andy@skuytov.eu", "Andrean Angelov", "ialeksandrov@septona-bg.com", "Ivailo Aleksandrov", "bgeorgiev@septona-bg.com", "Boris Georgiev", "iilev@septona-bg.com", "Ivailo Iliev", "dmitev@septona-bg.com", "Dimitar Mitev", "gkanchev@septona-bgc.com", "Georgi Kanchev", "s.kuytov@skuytov.eu", "Salim Kuytov", "istoyanova@septona-bg.com", "Ivelina Stoyanova", "ddimitrova@septona-bg.com", "Doroteya Dimitrova", "smehandzhieva@septona-bg.com", "Stiliana Mehandzhieva", "Unknown" )} -> Unknown
A57: Мотор-type:T2A90S-2 | B57: 2 | D57: 45821 | E57: ACM | F57: 45812.293 | G57: Изпратено запитване | H57: CBP-0037 | I57: УЛМЕР | O57: =Cotton_Buds[[#This Row],[Цена за 1 бр. в BGN]]*Cotton_Buds[[#This Row],[Поръчано Количество]] -> 0 | R57: {=_xlfn.SWITCH(S57, "ivelikov@septona-bg.com", "Ivan Velikov", "andy@skuytov.eu", "Andrean Angelov", "ialeksandrov@septona-bg.com", "Ivailo Aleksandrov", "bgeorgiev@septona-bg.com", "Boris Georgiev", "iilev@septona-bg.com", "Ivailo Iliev", "dmitev@septona-bg.com", "Dimitar Mitev", "gkanchev@septona-bgc.com", "Georgi Kanchev", "s.kuytov@skuytov.eu", "Salim Kuytov", "istoyanova@septona-bg.com", "Ivelina Stoyanova", "ddimitrova@septona-bg.com", "Doroteya Dimitrova", "smehandzhieva@septona-bg.com", "Stiliana Mehandzhieva", "Unknown" )} -> Unknown
A58: Дросел-обратен клапан FESTO GRLA-1/8-QS-6-D 193144 | B58: 20 | C58: 20 | D58: 45742 | E58: ACM | F58: 45733.205 | G58: Доставено | H58: CBP-0004/2535091351 | O58: =Cotton_Buds[[#This Row],[Цена за 1 бр. в BGN]]*Cotton_Buds[[#This Row],[Поръчано Количество]] -> 0 | R58: {=_xlfn.SWITCH(S58, "ivelikov@septona-bg.com", "Ivan Velikov", "andy@skuytov.eu", "Andrean Angelov", "ialeksandrov@septona-bg.com", "Ivailo Aleksandrov", "bgeorgiev@septona-bg.com", "Boris Georgiev", "iilev@septona-bg.com", "Ivailo Iliev", "dmitev@septona-bg.com", "Dimitar Mitev", "gkanchev@septona-bgc.com", "Georgi Kanchev", "s.kuytov@skuytov.eu", "Salim Kuytov", "istoyanova@septona-bg.com", "Ivelina Stoyanova", "ddimitrova@septona-bg.com", "Doroteya Dimitrova", "smehandzhieva@septona-bg.com", "Stiliana Mehandzhieva", "Unknown" )} -> Unknown
A59: Festo DSNU-20-100-PPV-A | B59: 3 | C59: 3 | D59: 45747 | E59: FALU, B&M - Клечки за уши | F59: 45733.401 | G59: Доставено | H59: CBP-0004/2535091351 | I59: FESTO | O59: =Cotton_Buds[[#This Row],[Цена за 1 бр. в BGN]]*Cotton_Buds[[#This Row],[Поръчано Количество]] -> 0 | R59: {=_xlfn.SWITCH(S59, "ivelikov@septona-bg.com", "Ivan Velikov", "andy@skuytov.eu", "Andrean Angelov", "ialeksandrov@septona-bg.com", "Ivailo Aleksandrov", "bgeorgiev@septona-bg.com", "Boris Georgiev", "iilev@septona-bg.com", "Ivailo Iliev", "dmitev@septona-bg.com", "Dimitar Mitev", "gkanchev@septona-bgc.com", "Georgi Kanchev", "s.kuytov@skuytov.eu", "Salim Kuytov", "istoyanova@septona-bg.com", "Ivelina Stoyanova", "ddimitrova@septona-bg.com", "Doroteya Dimitrova", "smehandzhieva@septona-bg.com", "Stiliana Mehandzhieva", "Unknown" )} -> Unknown
A60: Разпределител - АZ - ME 522 и ME 521 | B60: 10 | C60: 10 | D60: 45821 | E60: Общи | F60: 45814.316 | G60: Доставено | H60: CBP-0030 | I60: MASTER | M60: 10 | N60: 72.726 | O60: =Cotton_Buds[[#This Row],[Цена за 1 бр. в BGN]]*Cotton_Buds[[#This Row],[Поръчано Количество]] -> 727.26 | R60: {=_xlfn.SWITCH(S60, "ivelikov@septona-bg.com", "Ivan Velikov", "andy@skuytov.eu", "Andrean Angelov", "ialeksandrov@septona-bg.com", "Ivailo Aleksandrov", "bgeorgiev@septona-bg.com", "Boris Georgiev", "iilev@septona-bg.com", "Ivailo Iliev", "dmitev@septona-bg.com", "Dimitar Mitev", "gkanchev@septona-bgc.com", "Georgi Kanchev", "s.kuytov@skuytov.eu", "Salim Kuytov", "istoyanova@septona-bg.com", "Ivelina Stoyanova", "ddimitrova@septona-bg.com", "Doroteya Dimitrova", "smehandzhieva@septona-bg.com", "Stiliana Mehandzhieva", "Unknown" )} -> Unknown
A61: Датчик- SICK WTB8-P2211 | B61: 10 | C61: 10 | D61: 45828 | E61: Общи | F61: 45818.48 | G61: Доставено | H61: CBP-0028 | N61: =15*1.95568 -> 29.3352 | O61: =Cotton_Buds[[#This Row],[Цена за 1 бр. в BGN]]*Cotton_Buds[[#This Row],[Поръчано Количество]] -> 293.352 | R61: {=_xlfn.SWITCH(S61, "ivelikov@septona-bg.com", "Ivan Velikov", "andy@skuytov.eu", "Andrean Angelov", "ialeksandrov@septona-bg.com", "Ivailo Aleksandrov", "bgeorgiev@septona-bg.com", "Boris Georgiev", "iilev@septona-bg.com", "Ivailo Iliev", "dmitev@septona-bg.com", "Dimitar Mitev", "gkanchev@septona-bgc.com", "Georgi Kanchev", "s.kuytov@skuytov.eu", "Salim Kuytov", "istoyanova@septona-bg.com", "Ivelina Stoyanova", "ddimitrova@septona-bg.com", "Doroteya Dimitrova", "smehandzhieva@septona-bg.com", "Stiliana Mehandzhieva", "Unknown" )} -> Unknown
A62: Магнитен датчик Festo- SMT-8М-А-PS-24V-E-0,3-M8D | B62: 30 | C62: 30 | D62: 45821 | E62: Общи | F62: 45819.177 | G62: Доставено | H62: CBP-0025 | I62: FESTO | L62: 45832 | M62: 30 | N62: 46.23 | O62: =Cotton_Buds[[#This Row],[Цена за 1 бр. в BGN]]*Cotton_Buds[[#This Row],[Поръчано Количество]] -> 1386.9 | R62: {=_xlfn.SWITCH(S62, "ivelikov@septona-bg.com", "Ivan Velikov", "andy@skuytov.eu", "Andrean Angelov", "ialeksandrov@septona-bg.com", "Ivailo Aleksandrov", "bgeorgiev@septona-bg.com", "Boris Georgiev", "iilev@septona-bg.com", "Ivailo Iliev", "dmitev@septona-bg.com", "Dimitar Mitev", "gkanchev@septona-bgc.com", "Georgi Kanchev", "s.kuytov@skuytov.eu", "Salim Kuytov", "istoyanova@septona-bg.com", "Ivelina Stoyanova", "ddimitrova@septona-bg.com", "Doroteya Dimitrova", "smehandzhieva@septona-bg.com", "Stiliana Mehandzhieva", "Unknown" )} -> Unknown
A63: Контактори Siemens- 3RT1016-BB41 | B63: 10 | D63: 45828 | E63: Общи | F63: 45819.475 | I63: FILKAB | N63: =15*1.95568 -> 29.3352 | O63: =Cotton_Buds[[#This Row],[Цена за 1 бр. в BGN]]*Cotton_Buds[[#This Row],[Поръчано Количество]] -> 0 | R63: {=_xlfn.SWITCH(S63, "ivelikov@septona-bg.com", "Ivan Velikov", "andy@skuytov.eu", "Andrean Angelov", "ialeksandrov@septona-bg.com", "Ivailo Aleksandrov", "bgeorgiev@septona-bg.com", "Boris Georgiev", "iilev@septona-bg.com", "Ivailo Iliev", "dmitev@septona-bg.com", "Dimitar Mitev", "gkanchev@septona-bgc.com", "Georgi Kanchev", "s.kuytov@skuytov.eu", "Salim Kuytov", "istoyanova@septona-bg.com", "Ivelina Stoyanova", "ddimitrova@septona-bg.com", "Doroteya Dimitrova", "smehandzhieva@septona-bg.com", "Stiliana Mehandzhieva", "Unknown" )} -> Unknown
A64: Кабел 34x0.75 на метър | B64: 7 | D64: 45744 | E64: FALU, B&M - Клечки за уши | F64: 45741.263 | G64: Доставено | O64: =Cotton_Buds[[#This Row],[Цена за 1 бр. в BGN]]*Cotton_Buds[[#This Row],[Поръчано Количество]] -> 0 | R64: {=_xlfn.SWITCH(S64, "ivelikov@septona-bg.com", "Ivan Velikov", "andy@skuytov.eu", "Andrean Angelov", "ialeksandrov@septona-bg.com", "Ivailo Aleksandrov", "bgeorgiev@septona-bg.com", "Boris Georgiev", "iilev@septona-bg.com", "Ivailo Iliev", "dmitev@septona-bg.com", "Dimitar Mitev", "gkanchev@septona-bgc.com", "Georgi Kanchev", "s.kuytov@skuytov.eu", "Salim Kuytov", "istoyanova@septona-bg.com", "Ivelina Stoyanova", "ddimitrova@septona-bg.com", "Doroteya Dimitrova", "smehandzhieva@septona-bg.com", "Stiliana Mehandzhieva", "Unknown" )} -> Unknown
A65: Спрей RAL 6019 +40%G | -10%Y | B65: 12 | D65: 45745 | E65: ACM | F65: 45742.294 | G65: Доставено | H65: CBP-0006 | | I65: Колор комерс-В ЕООД | J65: 45744 | O65: =Cotton_Buds[[#This Row],[Цена за 1 бр. в BGN]]*Cotton_Buds[[#This Row],[Поръчано Количество]] -> 0 | R65: {=_xlfn.SWITCH(S65, "ivelikov@septona-bg.com", "Ivan Velikov", "andy@skuytov.eu", "Andrean Angelov", "ialeksandrov@septona-bg.com", "Ivailo Aleksandrov", "bgeorgiev@septona-bg.com", "Boris Georgiev", "iilev@septona-bg.com", "Ivailo Iliev", "dmitev@septona-bg.com", "Dimitar Mitev", "gkanchev@septona-bgc.com", "Georgi Kanchev", "s.kuytov@skuytov.eu", "Salim Kuytov", "istoyanova@septona-bg.com", "Ivelina Stoyanova", "ddimitrova@septona-bg.com", "Doroteya Dimitrova", "smehandzhieva@septona-bg.com", "Stiliana Mehandzhieva", "Unknown" )} -> Unknown
A66: Schneider Electric XB5AD912R10K - Harmony XB5 - Потенциометър Harmony XB5, Ø22 (основа+глава), пластмаса, 10K | B66: 1 | D66: 45747 | E66: ACM | F66: 45743.379 | G66: Доставено | H66: CBP-0007 | | I66: ЕХНАТОН | O66: =Cotton_Buds[[#This Row],[Цена за 1 бр. в BGN]]*Cotton_Buds[[#This Row],[Поръчано Количество]] -> 0 | R66: {=_xlfn.SWITCH(S66, "ivelikov@septona-bg.com", "Ivan Velikov", "andy@skuytov.eu", "Andrean Angelov", "ialeksandrov@septona-bg.com", "Ivailo Aleksandrov", "bgeorgiev@septona-bg.com", "Boris Georgiev", "iilev@septona-bg.com", "Ivailo Iliev", "dmitev@septona-bg.com", "Dimitar Mitev", "gkanchev@septona-bgc.com", "Georgi Kanchev", "s.kuytov@skuytov.eu", "Salim Kuytov", "istoyanova@septona-bg.com", "Ivelina Stoyanova", "ddimitrova@septona-bg.com", "Doroteya Dimitrova", "smehandzhieva@septona-bg.com", "Stiliana Mehandzhieva", "Unknown" )} -> Unknown
A67: Шайби ф10 | B67: 50 | C67: 50 | D67: 45751 | E67: Общи | F67: 45745.481 | G67: Доставено | H67: CM-0001 | I67: ИТТ | J67: 45692 | O67: =Cotton_Buds[[#This Row],[Цена за 1 бр. в BGN]]*Cotton_Buds[[#This Row],[Поръчано Количество]] -> 0 | R67: {=_xlfn.SWITCH(S67, "ivelikov@septona-bg.com", "Ivan Velikov", "andy@skuytov.eu", "Andrean Angelov", "ialeksandrov@septona-bg.com", "Ivailo Aleksandrov", "bgeorgiev@septona-bg.com", "Boris Georgiev", "iilev@septona-bg.com", "Ivailo Iliev", "dmitev@septona-bg.com", "Dimitar Mitev", "gkanchev@septona-bgc.com", "Georgi Kanchev", "s.kuytov@skuytov.eu", "Salim Kuytov", "istoyanova@septona-bg.com", "Ivelina Stoyanova", "ddimitrova@septona-bg.com", "Doroteya Dimitrova", "smehandzhieva@septona-bg.com", "Stiliana Mehandzhieva", "Unknown" )} -> Unknown
A68: Тетки ф6 | B68: 30 | C68: 30 | D68: 45751 | E68: Общи | F68: 45745.482 | G68: Доставено | I68: FESTO | O68: =Cotton_Buds[[#This Row],[Цена за 1 бр. в BGN]]*Cotton_Buds[[#This Row],[Поръчано Количество]] -> 0 | R68: {=_xlfn.SWITCH(S68, "ivelikov@septona-bg.com", "Ivan Velikov", "andy@skuytov.eu", "Andrean Angelov", "ialeksandrov@septona-bg.com", "Ivailo Aleksandrov", "bgeorgiev@septona-bg.com", "Boris Georgiev", "iilev@septona-bg.com", "Ivailo Iliev", "dmitev@septona-bg.com", "Dimitar Mitev", "gkanchev@septona-bgc.com", "Georgi Kanchev", "s.kuytov@skuytov.eu", "Salim Kuytov", "istoyanova@septona-bg.com", "Ivelina Stoyanova", "ddimitrova@septona-bg.com", "Doroteya Dimitrova", "smehandzhieva@septona-bg.com", "Stiliana Mehandzhieva", "Unknown" )} -> Unknown
A69: Цилиндър Festo 25x125 | B69: 4 | D69: 45758 | E69: FALU - Тампони | F69: 45745.489 | G69: Доставено | I69: FESTO | O69: =Cotton_Buds[[#This Row],[Цена за 1 бр. в BGN]]*Cotton_Buds[[#This Row],[Поръчано Количество]] -> 0 | R69: {=_xlfn.SWITCH(S69, "ivelikov@septona-bg.com", "Ivan Velikov", "andy@skuytov.eu", "Andrean Angelov", "ialeksandrov@septona-bg.com", "Ivailo Aleksandrov", "bgeorgiev@septona-bg.com", "Boris Georgiev", "iilev@septona-bg.com", "Ivailo Iliev", "dmitev@septona-bg.com", "Dimitar Mitev", "gkanchev@septona-bgc.com", "Georgi Kanchev", "s.kuytov@skuytov.eu", "Salim Kuytov", "istoyanova@septona-bg.com", "Ivelina Stoyanova", "ddimitrova@septona-bg.com", "Doroteya Dimitrova", "smehandzhieva@septona-bg.com", "Stiliana Mehandzhieva", "Unknown" )} -> Unknown
A70: Цилиндър Metal Work 2600320035 CP Bore 032 Stroke 0035 | B70: 4 | C70: 4 | D70: 45758 | E70: ACM | F70: 45745.49 | G70: Доставено | H70: CBP-0021 | I70: kamatic | L70: 45826 | M70: 4 | N70: 95.87 | O70: =Cotton_Buds[[#This Row],[Цена за 1 бр. в BGN]]*Cotton_Buds[[#This Row],[Поръчано Количество]] -> 383.48 | R70: {=_xlfn.SWITCH(S70, "ivelikov@septona-bg.com", "Ivan Velikov", "andy@skuytov.eu", "Andrean Angelov", "ialeksandrov@septona-bg.com", "Ivailo Aleksandrov", "bgeorgiev@septona-bg.com", "Boris Georgiev", "iilev@septona-bg.com", "Ivailo Iliev", "dmitev@septona-bg.com", "Dimitar Mitev", "gkanchev@septona-bgc.com", "Georgi Kanchev", "s.kuytov@skuytov.eu", "Salim Kuytov", "istoyanova@septona-bg.com", "Ivelina Stoyanova", "ddimitrova@septona-bg.com", "Doroteya Dimitrova", "smehandzhieva@septona-bg.com", "Stiliana Mehandzhieva", "Unknown" )} -> Unknown
A71: Шайба ф5 | B71: 50 | C71: 50 | D71: 45751 | E71: Общи | F71: 45745.491 | G71: Доставено | H71: CM-0001 | I71: ИТТ | J71: 45692 | O71: =Cotton_Buds[[#This Row],[Цена за 1 бр. в BGN]]*Cotton_Buds[[#This Row],[Поръчано Количество]] -> 0 | R71: {=_xlfn.SWITCH(S71, "ivelikov@septona-bg.com", "Ivan Velikov", "andy@skuytov.eu", "Andrean Angelov", "ialeksandrov@septona-bg.com", "Ivailo Aleksandrov", "bgeorgiev@septona-bg.com", "Boris Georgiev", "iilev@septona-bg.com", "Ivailo Iliev", "dmitev@septona-bg.com", "Dimitar Mitev", "gkanchev@septona-bgc.com", "Georgi Kanchev", "s.kuytov@skuytov.eu", "Salim Kuytov", "istoyanova@septona-bg.com", "Ivelina Stoyanova", "ddimitrova@septona-bg.com", "Doroteya Dimitrova", "smehandzhieva@septona-bg.com", "Stiliana Mehandzhieva", "Unknown" )} -> Unknown
A72: Шайба ф6 | B72: 50 | C72: 50 | D72: 45751 | E72: Общи | F72: 45745.491 | G72: Доставено | H72: CM-0001 | I72: ИТТ | J72: 45692 | O72: =Cotton_Buds[[#This Row],[Цена за 1 бр. в BGN]]*Cotton_Buds[[#This Row],[Поръчано Количество]] -> 0 | R72: {=_xlfn.SWITCH(S72, "ivelikov@septona-bg.com", "Ivan Velikov", "andy@skuytov.eu", "Andrean Angelov", "ialeksandrov@septona-bg.com", "Ivailo Aleksandrov", "bgeorgiev@septona-bg.com", "Boris Georgiev", "iilev@septona-bg.com", "Ivailo Iliev", "dmitev@septona-bg.com", "Dimitar Mitev", "gkanchev@septona-bgc.com", "Georgi Kanchev", "s.kuytov@skuytov.eu", "Salim Kuytov", "istoyanova@septona-bg.com", "Ivelina Stoyanova", "ddimitrova@septona-bg.com", "Doroteya Dimitrova", "smehandzhieva@septona-bg.com", "Stiliana Mehandzhieva", "Unknown" )} -> Unknown
A73: Метчик M3 - комплект | B73: 2 | C73: 2 | D73: 45758 | E73: Инструменти | F73: 45745.491 | G73: Доставено | H73: CM-0001 | I73: ИТТ | J73: 45692 | N73: 19.27 | O73: =Cotton_Buds[[#This Row],[Цена за 1 бр. в BGN]]*Cotton_Buds[[#This Row],[Поръчано Количество]] -> 38.54 | R73: {=_xlfn.SWITCH(S73, "ivelikov@septona-bg.com", "Ivan Velikov", "andy@skuytov.eu", "Andrean Angelov", "ialeksandrov@septona-bg.com", "Ivailo Aleksandrov", "bgeorgiev@septona-bg.com", "Boris Georgiev", "iilev@septona-bg.com", "Ivailo Iliev", "dmitev@septona-bg.com", "Dimitar Mitev", "gkanchev@septona-bgc.com", "Georgi Kanchev", "s.kuytov@skuytov.eu", "Salim Kuytov", "istoyanova@septona-bg.com", "Ivelina Stoyanova", "ddimitrova@septona-bg.com", "Doroteya Dimitrova", "smehandzhieva@septona-bg.com", "Stiliana Mehandzhieva", "Unknown" )} -> Unknown
A74: Метчик M4 - комплект | B74: 2 | C74: 2 | D74: 45758 | E74: Инструменти | F74: 45745.491 | G74: Доставено | H74: CM-0001 | I74: ИТТ | J74: 45692 | N74: 17.3 | O74: =Cotton_Buds[[#This Row],[Цена за 1 бр. в BGN]]*Cotton_Buds[[#This Row],[Поръчано Количество]] -> 34.6 | R74: {=_xlfn.SWITCH(S74, "ivelikov@septona-bg.com", "Ivan Velikov", "andy@skuytov.eu", "Andrean Angelov", "ialeksandrov@septona-bg.com", "Ivailo Aleksandrov", "bgeorgiev@septona-bg.com", "Boris Georgiev", "iilev@septona-bg.com", "Ivailo Iliev", "dmitev@septona-bg.com", "Dimitar Mitev", "gkanchev@septona-bgc.com", "Georgi Kanchev", "s.kuytov@skuytov.eu", "Salim Kuytov", "istoyanova@septona-bg.com", "Ivelina Stoyanova", "ddimitrova@septona-bg.com", "Doroteya Dimitrova", "smehandzhieva@septona-bg.com", "Stiliana Mehandzhieva", "Unknown" )} -> Unknown
A75: Метчик M5 - комплект | B75: 2 | C75: 2 | D75: 45758 | E75: Инструменти | F75: 45745.492 | G75: Доставено | H75: CM-0001 | I75: ИТТ | J75: 45692 | N75: 18.95 | O75: =Cotton_Buds[[#This Row],[Цена за 1 бр. в BGN]]*Cotton_Buds[[#This Row],[Поръчано Количество]] -> 37.9 | R75: {=_xlfn.SWITCH(S75, "ivelikov@septona-bg.com", "Ivan Velikov", "andy@skuytov.eu", "Andrean Angelov", "ialeksandrov@septona-bg.com", "Ivailo Aleksandrov", "bgeorgiev@septona-bg.com", "Boris Georgiev", "iilev@septona-bg.com", "Ivailo Iliev", "dmitev@septona-bg.com", "Dimitar Mitev", "gkanchev@septona-bgc.com", "Georgi Kanchev", "s.kuytov@skuytov.eu", "Salim Kuytov", "istoyanova@septona-bg.com", "Ivelina Stoyanova", "ddimitrova@septona-bg.com", "Doroteya Dimitrova", "smehandzhieva@septona-bg.com", "Stiliana Mehandzhieva", "Unknown" )} -> Unknown
A76: Метчик M6 - комплект | B76: 2 | C76: 2 | D76: 45758 | E76: Инструменти | F76: 45745.492 | G76: Доставено | H76: CM-0001 | I76: ИТТ | J76: 45692 | N76: 19.79 | O76: =Cotton_Buds[[#This Row],[Цена за 1 бр. в BGN]]*Cotton_Buds[[#This Row],[Поръчано Количество]] -> 39.58 | R76: {=_xlfn.SWITCH(S76, "ivelikov@septona-bg.com", "Ivan Velikov", "andy@skuytov.eu", "Andrean Angelov", "ialeksandrov@septona-bg.com", "Ivailo Aleksandrov", "bgeorgiev@septona-bg.com", "Boris Georgiev", "iilev@septona-bg.com", "Ivailo Iliev", "dmitev@septona-bg.com", "Dimitar Mitev", "gkanchev@septona-bgc.com", "Georgi Kanchev", "s.kuytov@skuytov.eu", "Salim Kuytov", "istoyanova@septona-bg.com", "Ivelina Stoyanova", "ddimitrova@septona-bg.com", "Doroteya Dimitrova", "smehandzhieva@septona-bg.com", "Stiliana Mehandzhieva", "Unknown" )} -> Unknown
A77: шпонка 3 | B77: 1 | D77: 45758 | E77: Общи | F77: 45745.492 | G77: Доставено | H77: CM-0001 | I77: ИТТ | J77: 45692 | O77: =Cotton_Buds[[#This Row],[Цена за 1 бр. в BGN]]*Cotton_Buds[[#This Row],[Поръчано Количество]] -> 0 | R77: {=_xlfn.SWITCH(S77, "ivelikov@septona-bg.com", "Ivan Velikov", "andy@skuytov.eu", "Andrean Angelov", "ialeksandrov@septona-bg.com", "Ivailo Aleksandrov", "bgeorgiev@septona-bg.com", "Boris Georgiev", "iilev@septona-bg.com", "Ivailo Iliev", "dmitev@septona-bg.com", "Dimitar Mitev", "gkanchev@septona-bgc.com", "Georgi Kanchev", "s.kuytov@skuytov.eu", "Salim Kuytov", "istoyanova@septona-bg.com", "Ivelina Stoyanova", "ddimitrova@septona-bg.com", "Doroteya Dimitrova", "smehandzhieva@septona-bg.com", "Stiliana Mehandzhieva", "Unknown" )} -> Unknown
A78: шпонка 4 | B78: 1 | C78: 1 | D78: 45758 | E78: Общи | F78: 45745.492 | G78: Доставено | H78: CM-0001 | I78: ИТТ | J78: 45692 | O78: =Cotton_Buds[[#This Row],[Цена за 1 бр. в BGN]]*Cotton_Buds[[#This Row],[Поръчано Количество]] -> 0 | R78: {=_xlfn.SWITCH(S78, "ivelikov@septona-bg.com", "Ivan Velikov", "andy@skuytov.eu", "Andrean Angelov", "ialeksandrov@septona-bg.com", "Ivailo Aleksandrov", "bgeorgiev@septona-bg.com", "Boris Georgiev", "iilev@septona-bg.com", "Ivailo Iliev", "dmitev@septona-bg.com", "Dimitar Mitev", "gkanchev@septona-bgc.com", "Georgi Kanchev", "s.kuytov@skuytov.eu", "Salim Kuytov", "istoyanova@septona-bg.com", "Ivelina Stoyanova", "ddimitrova@septona-bg.com", "Doroteya Dimitrova", "smehandzhieva@septona-bg.com", "Stiliana Mehandzhieva", "Unknown" )} -> Unknown
A79: шпонка 5 | B79: 1 | C79: 1 | D79: 45758 | E79: Общи | F79: 45745.492 | G79: Доставено | H79: CM-0001 | I79: ИТТ | J79: 45692 | O79: =Cotton_Buds[[#This Row],[Цена за 1 бр. в BGN]]*Cotton_Buds[[#This Row],[Поръчано Количество]] -> 0 | R79: {=_xlfn.SWITCH(S79, "ivelikov@septona-bg.com", "Ivan Velikov", "andy@skuytov.eu", "Andrean Angelov", "ialeksandrov@septona-bg.com", "Ivailo Aleksandrov", "bgeorgiev@septona-bg.com", "Boris Georgiev", "iilev@septona-bg.com", "Ivailo Iliev", "dmitev@septona-bg.com", "Dimitar Mitev", "gkanchev@septona-bgc.com", "Georgi Kanchev", "s.kuytov@skuytov.eu", "Salim Kuytov", "istoyanova@septona-bg.com", "Ivelina Stoyanova", "ddimitrova@septona-bg.com", "Doroteya Dimitrova", "smehandzhieva@septona-bg.com", "Stiliana Mehandzhieva", "Unknown" )} -> Unknown
A80: шпонка 8 | B80: 1 | C80: 1 | D80: 45758 | E80: Общи | F80: 45745.493 | G80: Доставено | H80: CM-0001 | I80: ИТТ | J80: 45692 | O80: =Cotton_Buds[[#This Row],[Цена за 1 бр. в BGN]]*Cotton_Buds[[#This Row],[Поръчано Количество]] -> 0 | R80: {=_xlfn.SWITCH(S80, "ivelikov@septona-bg.com", "Ivan Velikov", "andy@skuytov.eu", "Andrean Angelov", "ialeksandrov@septona-bg.com", "Ivailo Aleksandrov", "bgeorgiev@septona-bg.com", "Boris Georgiev", "iilev@septona-bg.com", "Ivailo Iliev", "dmitev@septona-bg.com", "Dimitar Mitev", "gkanchev@septona-bgc.com", "Georgi Kanchev", "s.kuytov@skuytov.eu", "Salim Kuytov", "istoyanova@septona-bg.com", "Ivelina Stoyanova", "ddimitrova@septona-bg.com", "Doroteya Dimitrova", "smehandzhieva@septona-bg.com", "Stiliana Mehandzhieva", "Unknown" )} -> Unknown
A81: ACM 4.005.0079 | B81: 20 | C81: 20 | D81: 45765 | E81: ACM | F81: 45745.495 | G81: Доставено | I81: ACM Engineering | K81: DDT 128 (DHL 9654949161 | M81: 20 | O81: =Cotton_Buds[[#This Row],[Цена за 1 бр. в BGN]]*Cotton_Buds[[#This Row],[Поръчано Количество]] -> 0 | R81: {=_xlfn.SWITCH(S81, "ivelikov@septona-bg.com", "Ivan Velikov", "andy@skuytov.eu", "Andrean Angelov", "ialeksandrov@septona-bg.com", "Ivailo Aleksandrov", "bgeorgiev@septona-bg.com", "Boris Georgiev", "iilev@septona-bg.com", "Ivailo Iliev", "dmitev@septona-bg.com", "Dimitar Mitev", "gkanchev@septona-bgc.com", "Georgi Kanchev", "s.kuytov@skuytov.eu", "Salim Kuytov", "istoyanova@septona-bg.com", "Ivelina Stoyanova", "ddimitrova@septona-bg.com", "Doroteya Dimitrova", "smehandzhieva@septona-bg.com", "Stiliana Mehandzhieva", "Unknown" )} -> Unknown
A82: Транспортна лента L=231cm W=73 cm h=2mm | B82: 1 | D82: 45758 | E82: FALU, B&M - Клечки за уши | F82: 45745.559 | G82: Доставено | H82: CBP-0012 | I82: МИКРОМАКС ТРЕЙД | L82: 45775 | M82: 1 | O82: =Cotton_Buds[[#This Row],[Цена за 1 бр. в BGN]]*Cotton_Buds[[#This Row],[Поръчано Количество]] -> 0 | R82: {=_xlfn.SWITCH(S82, "ivelikov@septona-bg.com", "Ivan Velikov", "andy@skuytov.eu", "Andrean Angelov", "ialeksandrov@septona-bg.com", "Ivailo Aleksandrov", "bgeorgiev@septona-bg.com", "Boris Georgiev", "iilev@septona-bg.com", "Ivailo Iliev", "dmitev@septona-bg.com", "Dimitar Mitev", "gkanchev@septona-bgc.com", "Georgi Kanchev", "s.kuytov@skuytov.eu", "Salim Kuytov", "istoyanova@septona-bg.com", "Ivelina Stoyanova", "ddimitrova@septona-bg.com", "Doroteya Dimitrova", "smehandzhieva@septona-bg.com", "Stiliana Mehandzhieva", "Unknown" )} -> Unknown
A83: 5.010.0023 CALETTATORE RCK 61 14x26 | B83: 4 | C83: 2 | D83: 45749 | E83: ACM | F83: 45749.214 | G83: Доставено | H83: CBP-0008 | I83: Триера ООД | J83: 45751 | L83: 45751 | M83: 2 | N83: =15*1.95568 -> 29.3352 | O83: =Cotton_Buds[[#This Row],[Цена за 1 бр. в BGN]]*Cotton_Buds[[#This Row],[Поръчано Количество]] -> 58.6704 | R83: {=_xlfn.SWITCH(S83, "ivelikov@septona-bg.com", "Ivan Velikov", "andy@skuytov.eu", "Andrean Angelov", "ialeksandrov@septona-bg.com", "Ivailo Aleksandrov", "bgeorgiev@septona-bg.com", "Boris Georgiev", "iilev@septona-bg.com", "Ivailo Iliev", "dmitev@septona-bg.com", "Dimitar Mitev", "gkanchev@septona-bgc.com", "Georgi Kanchev", "s.kuytov@skuytov.eu", "Salim Kuytov", "istoyanova@septona-bg.com", "Ivelina Stoyanova", "ddimitrova@septona-bg.com", "Doroteya Dimitrova", "smehandzhieva@septona-bg.com", "Stiliana Mehandzhieva", "Unknown" )} -> Unknown
A84: Инвертор- C200-012 00042 A101 00 AB100 / 0.75 kW | B84: 5 | D84: 45828 | E84: Общи | F84: 45819.477 | G84: Изпратено запитване | H84: CBP-0080 | I84: PLCDirect Benelux B.V. | N84: =15*1.95568 -> 29.3352 | O84: =Cotton_Buds[[#This Row],[Цена за 1 бр. в BGN]]*Cotton_Buds[[#This Row],[Поръчано Количество]] -> 0 | R84: {=_xlfn.SWITCH(S84, "ivelikov@septona-bg.com", "Ivan Velikov", "andy@skuytov.eu", "Andrean Angelov", "ialeksandrov@septona-bg.com", "Ivailo Aleksandrov", "bgeorgiev@septona-bg.com", "Boris Georgiev", "iilev@septona-bg.com", "Ivailo Iliev", "dmitev@septona-bg.com", "Dimitar Mitev", "gkanchev@septona-bgc.com", "Georgi Kanchev", "s.kuytov@skuytov.eu", "Salim Kuytov", "istoyanova@septona-bg.com", "Ivelina Stoyanova", "ddimitrova@septona-bg.com", "Doroteya Dimitrova", "smehandzhieva@septona-bg.com", "Stiliana Mehandzhieva", "Unknown" )} -> Unknown
A85: Моторна защита -Siemens- 1.1-1.6 А | B85: 5 | D85: 45828 | E85: Общи | F85: 45820.233 | G85: Доставено | N85: =15*1.95568 -> 29.3352 | O85: =Cotton_Buds[[#This Row],[Цена за 1 бр. в BGN]]*Cotton_Buds[[#This Row],[Поръчано Количество]] -> 0 | R85: {=_xlfn.SWITCH(S85, "ivelikov@septona-bg.com", "Ivan Velikov", "andy@skuytov.eu", "Andrean Angelov", "ialeksandrov@septona-bg.com", "Ivailo Aleksandrov", "bgeorgiev@septona-bg.com", "Boris Georgiev", "iilev@septona-bg.com", "Ivailo Iliev", "dmitev@septona-bg.com", "Dimitar Mitev", "gkanchev@septona-bgc.com", "Georgi Kanchev", "s.kuytov@skuytov.eu", "Salim Kuytov", "istoyanova@septona-bg.com", "Ivelina Stoyanova", "ddimitrova@septona-bg.com", "Doroteya Dimitrova", "smehandzhieva@septona-bg.com", "Stiliana Mehandzhieva", "Unknown" )} -> Unknown
A86: SICK IQ04-1B5PSKRDS 6063881 | B86: 3 | C86: 3 | D86: 45758 | E86: FALU, B&M - Клечки за уши | F86: 45754.405 | G86: Доставено | H86: CBP-0009 | I86: SICK AG | N86: =30.48*1.9558 -> 59.612784 | O86: =Cotton_Buds[[#This Row],[Цена за 1 бр. в BGN]]*Cotton_Buds[[#This Row],[Поръчано Количество]] -> 178.83835 | R86: {=_xlfn.SWITCH(S86, "ivelikov@septona-bg.com", "Ivan Velikov", "andy@skuytov.eu", "Andrean Angelov", "ialeksandrov@septona-bg.com", "Ivailo Aleksandrov", "bgeorgiev@septona-bg.com", "Boris Georgiev", "iilev@septona-bg.com", "Ivailo Iliev", "dmitev@septona-bg.com", "Dimitar Mitev", "gkanchev@septona-bgc.com", "Georgi Kanchev", "s.kuytov@skuytov.eu", "Salim Kuytov", "istoyanova@septona-bg.com", "Ivelina Stoyanova", "ddimitrova@septona-bg.com", "Doroteya Dimitrova", "smehandzhieva@septona-bg.com", "Stiliana Mehandzhieva", "Unknown" )} -> Unknown
A87: Mobil SHC Cibus 150 20L | B87: 1 | C87: 1 | D87: 45754 | E87: FALU, B&M - Клечки за уши | F87: 45754.405 | G87: Доставено | I87: ОМНИКАР БГ ЕООД | J87: 45754 | K87: 50490271162 Speedy | N87: 476 | O87: =Cotton_Buds[[#This Row],[Цена за 1 бр. в BGN]]*Cotton_Buds[[#This Row],[Поръчано Количество]] -> 476 | R87: {=_xlfn.SWITCH(S87, "ivelikov@septona-bg.com", "Ivan Velikov", "andy@skuytov.eu", "Andrean Angelov", "ialeksandrov@septona-bg.com", "Ivailo Aleksandrov", "bgeorgiev@septona-bg.com", "Boris Georgiev", "iilev@septona-bg.com", "Ivailo Iliev", "dmitev@septona-bg.com", "Dimitar Mitev", "gkanchev@septona-bgc.com", "Georgi Kanchev", "s.kuytov@skuytov.eu", "Salim Kuytov", "istoyanova@septona-bg.com", "Ivelina Stoyanova", "ddimitrova@septona-bg.com", "Doroteya Dimitrova", "smehandzhieva@septona-bg.com", "Stiliana Mehandzhieva", "Unknown" )} -> Unknown
A88: Вендуза 016515 | B88: 3 | C88: 3 | D88: 45777 | E88: FALU, B&M - Клечки за уши | F88: 45754.406 | G88: Доставено | H88: CBP-0010 | SQ158961 | I88: LD | J88: 45781 | N88: 34.65 | O88: =Cotton_Buds[[#This Row],[Цена за 1 бр. в BGN]]*Cotton_Buds[[#This Row],[Поръчано Количество]] -> 103.95 | R88: {=_xlfn.SWITCH(S88, "ivelikov@septona-bg.com", "Ivan Velikov", "andy@skuytov.eu", "Andrean Angelov", "ialeksandrov@septona-bg.com", "Ivailo Aleksandrov", "bgeorgiev@septona-bg.com", "Boris Georgiev", "iilev@septona-bg.com", "Ivailo Iliev", "dmitev@septona-bg.com", "Dimitar Mitev", "gkanchev@septona-bgc.com", "Georgi Kanchev", "s.kuytov@skuytov.eu", "Salim Kuytov", "istoyanova@septona-bg.com", "Ivelina Stoyanova", "ddimitrova@septona-bg.com", "Doroteya Dimitrova", "smehandzhieva@septona-bg.com", "Stiliana Mehandzhieva", "Unknown" )} -> Unknown
A89: Щепсел 16A-6h, 3P+N. Щепсел ABL CEE 16A 400V 5P IP44 S51S30 | B89: 1 | D89: 45758 | E89: FALU, B&M - Клечки за уши | F89: 45754.489 | G89: Доставено | O89: =Cotton_Buds[[#This Row],[Цена за 1 бр. в BGN]]*Cotton_Buds[[#This Row],[Поръчано Количество]] -> 0 | R89: {=_xlfn.SWITCH(S89, "ivelikov@septona-bg.com", "Ivan Velikov", "andy@skuytov.eu", "Andrean Angelov", "ialeksandrov@septona-bg.com", "Ivailo Aleksandrov", "bgeorgiev@septona-bg.com", "Boris Georgiev", "iilev@septona-bg.com", "Ivailo Iliev", "dmitev@septona-bg.com", "Dimitar Mitev", "gkanchev@septona-bgc.com", "Georgi Kanchev", "s.kuytov@skuytov.eu", "Salim Kuytov", "istoyanova@septona-bg.com", "Ivelina Stoyanova", "ddimitrova@septona-bg.com", "Doroteya Dimitrova", "smehandzhieva@septona-bg.com", "Stiliana Mehandzhieva", "Unknown" )} -> Unknown
A90: Контакт за стенен монтаж за Щепсел ABL CEE 16A 400V 5P IP44 S51S30 | B90: 1 | D90: 45758 | E90: FALU, B&M - Клечки за уши | F90: 45754.491 | G90: Доставено | O90: =Cotton_Buds[[#This Row],[Цена за 1 бр. в BGN]]*Cotton_Buds[[#This Row],[Поръчано Количество]] -> 0 | R90: {=_xlfn.SWITCH(S90, "ivelikov@septona-bg.com", "Ivan Velikov", "andy@skuytov.eu", "Andrean Angelov", "ialeksandrov@septona-bg.com", "Ivailo Aleksandrov", "bgeorgiev@septona-bg.com", "Boris Georgiev", "iilev@septona-bg.com", "Ivailo Iliev", "dmitev@septona-bg.com", "Dimitar Mitev", "gkanchev@septona-bgc.com", "Georgi Kanchev", "s.kuytov@skuytov.eu", "Salim Kuytov", "istoyanova@septona-bg.com", "Ivelina Stoyanova", "ddimitrova@septona-bg.com", "Doroteya Dimitrova", "smehandzhieva@septona-bg.com", "Stiliana Mehandzhieva", "Unknown" )} -> Unknown
A91: Звездогаечен ключ 8 | B91: 5 | C91: 1 | D91: 45765 | E91: Инструменти | F91: 45756.191 | G91: Доставено | H91: CM-0003 | 167269 | I91: ИТТ | J91: 45759 | N91: 14.05 | O91: =Cotton_Buds[[#This Row],[Цена за 1 бр. в BGN]]*Cotton_Buds[[#This Row],[Поръчано Количество]] -> 14.05 | R91: {=_xlfn.SWITCH(S91, "ivelikov@septona-bg.com", "Ivan Velikov", "andy@skuytov.eu", "Andrean Angelov", "ialeksandrov@septona-bg.com", "Ivailo Aleksandrov", "bgeorgiev@septona-bg.com", "Boris Georgiev", "iilev@septona-bg.com", "Ivailo Iliev", "dmitev@septona-bg.com", "Dimitar Mitev", "gkanchev@septona-bgc.com", "Georgi Kanchev", "s.kuytov@skuytov.eu", "Salim Kuytov", "istoyanova@septona-bg.com", "Ivelina Stoyanova", "ddimitrova@septona-bg.com", "Doroteya Dimitrova", "smehandzhieva@septona-bg.com", "Stiliana Mehandzhieva", "Unknown" )} -> Unknown
A92: Звездогаечен ключ 9 | B92: 5 | C92: 1 | D92: 45765 | E92: Инструменти | F92: 45756.191 | G92: Доставено | H92: CM-0003 | 167269 | I92: ИТТ | J92: 45759 | N92: 14.05 | O92: =Cotton_Buds[[#This Row],[Цена за 1 бр. в BGN]]*Cotton_Buds[[#This Row],[Поръчано Количество]] -> 14.05 | R92: {=_xlfn.SWITCH(S92, "ivelikov@septona-bg.com", "Ivan Velikov", "andy@skuytov.eu", "Andrean Angelov", "ialeksandrov@septona-bg.com", "Ivailo Aleksandrov", "bgeorgiev@septona-bg.com", "Boris Georgiev", "iilev@septona-bg.com", "Ivailo Iliev", "dmitev@septona-bg.com", "Dimitar Mitev", "gkanchev@septona-bgc.com", "Georgi Kanchev", "s.kuytov@skuytov.eu", "Salim Kuytov", "istoyanova@septona-bg.com", "Ivelina Stoyanova", "ddimitrova@septona-bg.com", "Doroteya Dimitrova", "smehandzhieva@septona-bg.com", "Stiliana Mehandzhieva", "Unknown" )} -> Unknown
A93: Звездогаечен ключ 10 | B93: 5 | C93: 1 | D93: 45765 | E93: Инструменти | F93: 45756.191 | G93: Доставено | H93: CM-0003 | 167269 | I93: ИТТ | J93: 45759 | N93: 13.1 | O93: =Cotton_Buds[[#This Row],[Цена за 1 бр. в BGN]]*Cotton_Buds[[#This Row],[Поръчано Количество]] -> 13.1 | R93: {=_xlfn.SWITCH(S93, "ivelikov@septona-bg.com", "Ivan Velikov", "andy@skuytov.eu", "Andrean Angelov", "ialeksandrov@septona-bg.com", "Ivailo Aleksandrov", "bgeorgiev@septona-bg.com", "Boris Georgiev", "iilev@septona-bg.com", "Ivailo Iliev", "dmitev@septona-bg.com", "Dimitar Mitev", "gkanchev@septona-bgc.com", "Georgi Kanchev", "s.kuytov@skuytov.eu", "Salim Kuytov", "istoyanova@septona-bg.com", "Ivelina Stoyanova", "ddimitrova@septona-bg.com", "Doroteya Dimitrova", "smehandzhieva@septona-bg.com", "Stiliana Mehandzhieva", "Unknown" )} -> Unknown
A94: Звездогаечен ключ 12 | B94: 5 | C94: 1 | D94: 45765 | E94: Инструменти | F94: 45756.191 | G94: Доставено | H94: CM-0003 | 167269 | I94: ИТТ | J94: 45759 | N94: 14.62 | O94: =Cotton_Buds[[#This Row],[Цена за 1 бр. в BGN]]*Cotton_Buds[[#This Row],[Поръчано Количество]] -> 14.62 | R94: {=_xlfn.SWITCH(S94, "ivelikov@septona-bg.com", "Ivan Velikov", "andy@skuytov.eu", "Andrean Angelov", "ialeksandrov@septona-bg.com", "Ivailo Aleksandrov", "bgeorgiev@septona-bg.com", "Boris Georgiev", "iilev@septona-bg.com", "Ivailo Iliev", "dmitev@septona-bg.com", "Dimitar Mitev", "gkanchev@septona-bgc.com", "Georgi Kanchev", "s.kuytov@skuytov.eu", "Salim Kuytov", "istoyanova@septona-bg.com", "Ivelina Stoyanova", "ddimitrova@septona-bg.com", "Doroteya Dimitrova", "smehandzhieva@septona-bg.com", "Stiliana Mehandzhieva", "Unknown" )} -> Unknown
A95: Звездогаечен ключ 13 | B95: 5 | C95: 1 | D95: 45765 | E95: Инструменти | F95: 45756.191 | G95: Доставено | H95: CM-0003 | 167269 | I95: ИТТ | J95: 45759 | N95: 15.91 | O95: =Cotton_Buds[[#This Row],[Цена за 1 бр. в BGN]]*Cotton_Buds[[#This Row],[Поръчано Количество]] -> 15.91 | R95: {=_xlfn.SWITCH(S95, "ivelikov@septona-bg.com", "Ivan Velikov", "andy@skuytov.eu", "Andrean Angelov", "ialeksandrov@septona-bg.com", "Ivailo Aleksandrov", "bgeorgiev@septona-bg.com", "Boris Georgiev", "iilev@septona-bg.com", "Ivailo Iliev", "dmitev@septona-bg.com", "Dimitar Mitev", "gkanchev@septona-bgc.com", "Georgi Kanchev", "s.kuytov@skuytov.eu", "Salim Kuytov", "istoyanova@septona-bg.com", "Ivelina Stoyanova", "ddimitrova@septona-bg.com", "Doroteya Dimitrova", "smehandzhieva@septona-bg.com", "Stiliana Mehandzhieva", "Unknown" )} -> Unknown
A96: Звездогаечен ключ 14 | B96: 5 | C96: 1 | D96: 45765 | E96: Инструменти | F96: 45756.192 | G96: Доставено | H96: CM-0003 | 167269 | I96: ИТТ | J96: 45759 | N96: 17.71 | O96: =Cotton_Buds[[#This Row],[Цена за 1 бр. в BGN]]*Cotton_Buds[[#This Row],[Поръчано Количество]] -> 17.71 | R96: {=_xlfn.SWITCH(S96, "ivelikov@septona-bg.com", "Ivan Velikov", "andy@skuytov.eu", "Andrean Angelov", "ialeksandrov@septona-bg.com", "Ivailo Aleksandrov", "bgeorgiev@septona-bg.com", "Boris Georgiev", "iilev@septona-bg.com", "Ivailo Iliev", "dmitev@septona-bg.com", "Dimitar Mitev", "gkanchev@septona-bgc.com", "Georgi Kanchev", "s.kuytov@skuytov.eu", "Salim Kuytov", "istoyanova@septona-bg.com", "Ivelina Stoyanova", "ddimitrova@septona-bg.com", "Doroteya Dimitrova", "smehandzhieva@septona-bg.com", "Stiliana Mehandzhieva", "Unknown" )} -> Unknown
A97: Ремък MEGADYNE LINEA GOLD AX 23 13 x 605 LP (13X617 LD) | B97: 5 | C97: 5 | D97: 45765 | E97: FALU, B&M - Клечки за уши | F97: 45756.192 | G97: Доставено | H97: CM-0004 | I97: Триера ООД | L97: 45791 | N97: 30 | O97: =Cotton_Buds[[#This Row],[Цена за 1 бр. в BGN]]*Cotton_Buds[[#This Row],[Поръчано Количество]] -> 150 | R97: {=_xlfn.SWITCH(S97, "ivelikov@septona-bg.com", "Ivan Velikov", "andy@skuytov.eu", "Andrean Angelov", "ialeksandrov@septona-bg.com", "Ivailo Aleksandrov", "bgeorgiev@septona-bg.com", "Boris Georgiev", "iilev@septona-bg.com", "Ivailo Iliev", "dmitev@septona-bg.com", "Dimitar Mitev", "gkanchev@septona-bgc.com", "Georgi Kanchev", "s.kuytov@skuytov.eu", "Salim Kuytov", "istoyanova@septona-bg.com", "Ivelina Stoyanova", "ddimitrova@septona-bg.com", "Doroteya Dimitrova", "smehandzhieva@septona-bg.com", "Stiliana Mehandzhieva", "Unknown" )} -> Unknown
A98: Кабели за мотора на ACM 168 drw. no. 2.040.0024 | B98: 2 | D98: 45765 | E98: ACM | F98: 45756.27 | G98: Доставено | H98: CBP-0013 | I98: ACM Engineering | O98: =Cotton_Buds[[#This Row],[Цена за 1 бр. в BGN]]*Cotton_Buds[[#This Row],[Поръчано Количество]] -> 0 | R98: {=_xlfn.SWITCH(S98, "ivelikov@septona-bg.com", "Ivan Velikov", "andy@skuytov.eu", "Andrean Angelov", "ialeksandrov@septona-bg.com", "Ivailo Aleksandrov", "bgeorgiev@septona-bg.com", "Boris Georgiev", "iilev@septona-bg.com", "Ivailo Iliev", "dmitev@septona-bg.com", "Dimitar Mitev", "gkanchev@septona-bgc.com", "Georgi Kanchev", "s.kuytov@skuytov.eu", "Salim Kuytov", "istoyanova@septona-bg.com", "Ivelina Stoyanova", "ddimitrova@septona-bg.com", "Doroteya Dimitrova", "smehandzhieva@septona-bg.com", "Stiliana Mehandzhieva", "Unknown" )} -> Unknown
A99: Цилиндър ➖50М2Р16А1000 | B99: 2 | C99: 3 | D99: 45828 | E99: FALU - Тампони | F99: 45821.477 | G99: Доставено | H99: CBP-0026 | N99: =15*1.95568 -> 29.3352 | O99: =Cotton_Buds[[#This Row],[Цена за 1 бр. в BGN]]*Cotton_Buds[[#This Row],[Поръчано Количество]] -> 88.0056 | R99: {=_xlfn.SWITCH(S99, "ivelikov@septona-bg.com", "Ivan Velikov", "andy@skuytov.eu", "Andrean Angelov", "ialeksandrov@septona-bg.com", "Ivailo Aleksandrov", "bgeorgiev@septona-bg.com", "Boris Georgiev", "iilev@septona-bg.com", "Ivailo Iliev", "dmitev@septona-bg.com", "Dimitar Mitev", "gkanchev@septona-bgc.com", "Georgi Kanchev", "s.kuytov@skuytov.eu", "Salim Kuytov", "istoyanova@septona-bg.com", "Ivelina Stoyanova", "ddimitrova@septona-bg.com", "Doroteya Dimitrova", "smehandzhieva@septona-bg.com", "Stiliana Mehandzhieva", "Unknown" )} -> Unknown
A100: Държач за вендуза за АСМ 16 (S.n. 168) 4.150.0007 PORTAVENTOSA DIVARICATORI | B100: 20 | C100: 10 | D100: 45715 | E100: ACM | F100: 45714.278 | G100: Оферта в процес на одобрение | H100: CBP-0013 | I100: ACM Engineering | O100: =Cotton_Buds[[#This Row],[Цена за 1 бр. в BGN]]*Cotton_Buds[[#This Row],[Поръчано Количество]] -> 0 | R100: {=_xlfn.SWITCH(S100, "ivelikov@septona-bg.com", "Ivan Velikov", "andy@skuytov.eu", "Andrean Angelov", "ialeksandrov@septona-bg.com", "Ivailo Aleksandrov", "bgeorgiev@septona-bg.com", "Boris Georgiev", "iilev@septona-bg.com", "Ivailo Iliev", "dmitev@septona-bg.com", "Dimitar Mitev", "gkanchev@septona-bgc.com", "Georgi Kanchev", "s.kuytov@skuytov.eu", "Salim Kuytov", "istoyanova@septona-bg.com", "Ivelina Stoyanova", "ddimitrova@septona-bg.com", "Doroteya Dimitrova", "smehandzhieva@septona-bg.com", "Stiliana Mehandzhieva", "Unknown" )} -> Unknown
...

Sheet Wet Wipes
E1: Днес: | F1: =TODAY() -> 46076
A3: Описание артикул | B3: Желано количество | C3: Поръчано Количество | D3: Желана дата за доставка | E3: Машина | F3: Submission (UTC) | G3: ID Запитване | H3: Статус | I3: Доставчик | J3: Очаквана дата на доставка | K3: Товарителница | L3: Реална доставка | M3: Доставено количество | N3: Цена за 1 бр. в BGN | O3: Сума на поръчката в BGN | P3: Фактура? | Q3: Транспортни документи | R3: Name | S3: Requester email
A4: Управление за дебитомер Endress+Hauser Promag 300; Order code: 5H3B04-1908/0; Ext. ord. cd.:5H3B04-AAIBAEAFAAFDBS0BA1 | B4: 1 | C4: =Wet_Wipes[[#This Row],[Желано количество]] -> 1 | D4: 45808 | E4: CW2 | F4: 45736.532 | G4: WW-0014 | H4: Доставено | I4: ENDRESS | N4: 6027.23 | O4: =Wet_Wipes[[#This Row],[Цена за 1 бр. в BGN]]*Wet_Wipes[[#This Row],[Поръчано Количество]] -> 6027.23 | R4: {=_xlfn.SWITCH(S4, "ivelikov@septona-bg.com", "Ivan Velikov", "andy@skuytov.eu", "Andrean Angelov", "ialeksandrov@septona-bg.com", "Ivailo Aleksandrov", "bgeorgiev@septona-bg.com", "Boris Georgiev", "iilev@septona-bg.com", "Ivailo Iliev", "dmitev@septona-bg.com", "Dimitar Mitev", "gkanchev@septona-bgc.com", "Georgi Kanchev", "s.kuytov@skuytov.eu", "Salim Kuytov", "istoyanova@septona-bg.com", "Ivelina Stoyanova", "ddimitrova@septona-bg.com", "Doroteya Dimitrova", "smehandzhieva@septona-bg.com", "Stiliana Mehandzhieva", "Unknown" )} -> Unknown
A5: Управление за дебитомер Endress+Hauser PROMAG 10; Order Code: 10H15-1F0A1AA04AA | B5: 1 | C5: =Wet_Wipes[[#This Row],[Желано количество]] -> 1 | D5: 45808 | E5: BW3 | F5: 45736.537 | G5: WW-0014 | H5: Доставено | I5: ENDRESS | N5: 4758.04 | O5: =Wet_Wipes[[#This Row],[Цена за 1 бр. в BGN]]*Wet_Wipes[[#This Row],[Поръчано Количество]] -> 4758.04 | R5: {=_xlfn.SWITCH(S5, "ivelikov@septona-bg.com", "Ivan Velikov", "andy@skuytov.eu", "Andrean Angelov", "ialeksandrov@septona-bg.com", "Ivailo Aleksandrov", "bgeorgiev@septona-bg.com", "Boris Georgiev", "iilev@septona-bg.com", "Ivailo Iliev", "dmitev@septona-bg.com", "Dimitar Mitev", "gkanchev@septona-bgc.com", "Georgi Kanchev", "s.kuytov@skuytov.eu", "Salim Kuytov", "istoyanova@septona-bg.com", "Ivelina Stoyanova", "ddimitrova@septona-bg.com", "Doroteya Dimitrova", "smehandzhieva@septona-bg.com", "Stiliana Mehandzhieva", "Unknown" )} -> Unknown
A6: Батерия 12V за UPS PS5-12 (15515) | B6: 10 | C6: 10 | D6: 45730 | E6: BW2+BW3 | F6: 45717.5 | G6: WW-0006 | H6: Доставено | I6: ELIMEX | J6: 45756 | L6: 45757 | M6: 10 | N6: 21.58334 | O6: =Wet_Wipes[[#This Row],[Цена за 1 бр. в BGN]]*Wet_Wipes[[#This Row],[Поръчано Количество]] -> 215.8334 | R6: {=_xlfn.SWITCH(S6, "ivelikov@septona-bg.com", "Ivan Velikov", "andy@skuytov.eu", "Andrean Angelov", "ialeksandrov@septona-bg.com", "Ivailo Aleksandrov", "bgeorgiev@septona-bg.com", "Boris Georgiev", "iilev@septona-bg.com", "Ivailo Iliev", "dmitev@septona-bg.com", "Dimitar Mitev", "gkanchev@septona-bgc.com", "Georgi Kanchev", "s.kuytov@skuytov.eu", "Salim Kuytov", "istoyanova@septona-bg.com", "Ivelina Stoyanova", "ddimitrova@septona-bg.com", "Doroteya Dimitrova", "smehandzhieva@septona-bg.com", "Stiliana Mehandzhieva", "Unknown" )} -> Unknown
A7: Помпа ROVER 20 CE | B7: 2 | C7: 1 | D7: 45723 | E7: Lotion | F7: 45717.502 | G7: WW-0002 | H7: Доставено | I7: vinarko | J7: 45752 | N7: 159 | O7: =Wet_Wipes[[#This Row],[Цена за 1 бр. в BGN]]*Wet_Wipes[[#This Row],[Поръчано Количество]] -> 159 | R7: {=_xlfn.SWITCH(S7, "ivelikov@septona-bg.com", "Ivan Velikov", "andy@skuytov.eu", "Andrean Angelov", "ialeksandrov@septona-bg.com", "Ivailo Aleksandrov", "bgeorgiev@septona-bg.com", "Boris Georgiev", "iilev@septona-bg.com", "Ivailo Iliev", "dmitev@septona-bg.com", "Dimitar Mitev", "gkanchev@septona-bgc.com", "Georgi Kanchev", "s.kuytov@skuytov.eu", "Salim Kuytov", "istoyanova@septona-bg.com", "Ivelina Stoyanova", "ddimitrova@septona-bg.com", "Doroteya Dimitrova", "smehandzhieva@septona-bg.com", "Stiliana Mehandzhieva", "Unknown" )} -> Unknown
A8: Камък за малка тресчотка 8мм 1/4" | B8: 1 | C8: 1 | D8: 45723 | E8: Инструменти | F8: 45717.503 | G8: CM-0001 | H8: Доставено | I8: ИТТ | J8: 45692 | N8: 1.11 | O8: =Wet_Wipes[[#This Row],[Цена за 1 бр. в BGN]]*Wet_Wipes[[#This Row],[Поръчано Количество]] -> 1.11 | R8: {=_xlfn.SWITCH(S8, "ivelikov@septona-bg.com", "Ivan Velikov", "andy@skuytov.eu", "Andrean Angelov", "ialeksandrov@septona-bg.com", "Ivailo Aleksandrov", "bgeorgiev@septona-bg.com", "Boris Georgiev", "iilev@septona-bg.com", "Ivailo Iliev", "dmitev@septona-bg.com", "Dimitar Mitev", "gkanchev@septona-bgc.com", "Georgi Kanchev", "s.kuytov@skuytov.eu", "Salim Kuytov", "istoyanova@septona-bg.com", "Ivelina Stoyanova", "ddimitrova@septona-bg.com", "Doroteya Dimitrova", "smehandzhieva@septona-bg.com", "Stiliana Mehandzhieva", "Unknown" )} -> Unknown
A9: Управление за дебитомер Endress+Hauser PROMAG 10; Order Code: 10H15-10F9/125; Ext. ord. cd.: 10H15-1F0A1AA0A4AA | B9: 1 | C9: =Wet_Wipes[[#This Row],[Желано количество]] -> 1 | D9: 45808 | E9: BW3 | F9: 45736.54 | G9: WW-0014 | H9: Доставено | I9: ENDRESS | O9: =Wet_Wipes[[#This Row],[Цена за 1 бр. в BGN]]*Wet_Wipes[[#This Row],[Поръчано Количество]] -> 0 | R9: {=_xlfn.SWITCH(S9, "ivelikov@septona-bg.com", "Ivan Velikov", "andy@skuytov.eu", "Andrean Angelov", "ialeksandrov@septona-bg.com", "Ivailo Aleksandrov", "bgeorgiev@septona-bg.com", "Boris Georgiev", "iilev@septona-bg.com", "Ivailo Iliev", "dmitev@septona-bg.com", "Dimitar Mitev", "gkanchev@septona-bgc.com", "Georgi Kanchev", "s.kuytov@skuytov.eu", "Salim Kuytov", "istoyanova@septona-bg.com", "Ivelina Stoyanova", "ddimitrova@septona-bg.com", "Doroteya Dimitrova", "smehandzhieva@septona-bg.com", "Stiliana Mehandzhieva", "Unknown" )} -> Unknown
A10: Детайл за проверка на равнинност - L>=250mm | B10: 1 | C10: =Wet_Wipes[[#This Row],[Желано количество]] -> 1 | D10: 45808 | E10: BW2+BW3 | F10: 45749.325 | O10: =Wet_Wipes[[#This Row],[Цена за 1 бр. в BGN]]*Wet_Wipes[[#This Row],[Поръчано Количество]] -> 0 | R10: {=_xlfn.SWITCH(S10, "ivelikov@septona-bg.com", "Ivan Velikov", "andy@skuytov.eu", "Andrean Angelov", "ialeksandrov@septona-bg.com", "Ivailo Aleksandrov", "bgeorgiev@septona-bg.com", "Boris Georgiev", "iilev@septona-bg.com", "Ivailo Iliev", "dmitev@septona-bg.com", "Dimitar Mitev", "gkanchev@septona-bgc.com", "Georgi Kanchev", "s.kuytov@skuytov.eu", "Salim Kuytov", "istoyanova@septona-bg.com", "Ivelina Stoyanova", "ddimitrova@septona-bg.com", "Doroteya Dimitrova", "smehandzhieva@septona-bg.com", "Stiliana Mehandzhieva", "Unknown" )} -> Unknown
A11: Commarme 801-00-914 --> 801-08-659 | B11: 3 | D11: 45723 | E11: BW2+BW3 | F11: 45717.507 | G11: WW-0009 | 239/1 | H11: Доставено | I11: Commarme | J11: 45786 | K11: TNT 929540749 | L11: 45843 | N11: 79.933546 | O11: =Wet_Wipes[[#This Row],[Цена за 1 бр. в BGN]]*Wet_Wipes[[#This Row],[Поръчано Количество]] -> 0 | R11: {=_xlfn.SWITCH(S11, "ivelikov@septona-bg.com", "Ivan Velikov", "andy@skuytov.eu", "Andrean Angelov", "ialeksandrov@septona-bg.com", "Ivailo Aleksandrov", "bgeorgiev@septona-bg.com", "Boris Georgiev", "iilev@septona-bg.com", "Ivailo Iliev", "dmitev@septona-bg.com", "Dimitar Mitev", "gkanchev@septona-bgc.com", "Georgi Kanchev", "s.kuytov@skuytov.eu", "Salim Kuytov", "istoyanova@septona-bg.com", "Ivelina Stoyanova", "ddimitrova@septona-bg.com", "Doroteya Dimitrova", "smehandzhieva@septona-bg.com", "Stiliana Mehandzhieva", "Unknown" )} -> Unknown
A12: comarme 801-10-660 | B12: 5 | D12: 45723 | E12: BW2+BW3 | F12: 45717.509 | G12: WW-0009 | 239/1 | H12: Доставено | I12: Commarme | J12: 45786 | K12: TNT 929540749 | L12: 45843 | N12: 88.519508 | O12: =Wet_Wipes[[#This Row],[Цена за 1 бр. в BGN]]*Wet_Wipes[[#This Row],[Поръчано Количество]] -> 0 | R12: {=_xlfn.SWITCH(S12, "ivelikov@septona-bg.com", "Ivan Velikov", "andy@skuytov.eu", "Andrean Angelov", "ialeksandrov@septona-bg.com", "Ivailo Aleksandrov", "bgeorgiev@septona-bg.com", "Boris Georgiev", "iilev@septona-bg.com", "Ivailo Iliev", "dmitev@septona-bg.com", "Dimitar Mitev", "gkanchev@septona-bgc.com", "Georgi Kanchev", "s.kuytov@skuytov.eu", "Salim Kuytov", "istoyanova@septona-bg.com", "Ivelina Stoyanova", "ddimitrova@septona-bg.com", "Doroteya Dimitrova", "smehandzhieva@septona-bg.com", "Stiliana Mehandzhieva", "Unknown" )} -> Unknown
A13: Лагер 6002 ZZ | B13: 20 | C13: 20 | D13: 45723 | E13: BW2+BW3 | F13: 45717.512 | G13: CM-0002 | H13: Доставено | I13: Кастел Карлово | J13: 45755 | L13: 45755 | M13: 20 | N13: 2.32 | O13: =Wet_Wipes[[#This Row],[Цена за 1 бр. в BGN]]*Wet_Wipes[[#This Row],[Поръчано Количество]] -> 46.4 | R13: {=_xlfn.SWITCH(S13, "ivelikov@septona-bg.com", "Ivan Velikov", "andy@skuytov.eu", "Andrean Angelov", "ialeksandrov@septona-bg.com", "Ivailo Aleksandrov", "bgeorgiev@septona-bg.com", "Boris Georgiev", "iilev@septona-bg.com", "Ivailo Iliev", "dmitev@septona-bg.com", "Dimitar Mitev", "gkanchev@septona-bgc.com", "Georgi Kanchev", "s.kuytov@skuytov.eu", "Salim Kuytov", "istoyanova@septona-bg.com", "Ivelina Stoyanova", "ddimitrova@septona-bg.com", "Doroteya Dimitrova", "smehandzhieva@septona-bg.com", "Stiliana Mehandzhieva", "Unknown" )} -> Unknown
A14: болт М3х6мм ФРЕЗЕНГ глава | B14: 100 | C14: =Wet_Wipes[[#This Row],[Желано количество]] -> 100 | D14: 45808 | E14: BW2+BW3 | F14: 45769.234 | G14: 177751 | H14: Доставено | I14: ИТТ | J14: 27/06/2025 | L14: 45835 | M14: 100 | N14: =4.31/100 -> 0.0431 | O14: =Wet_Wipes[[#This Row],[Цена за 1 бр. в BGN]]*Wet_Wipes[[#This Row],[Поръчано Количество]] -> 4.31 | Q14: HOSHPT-000662602/26.06.25 | R14: {=_xlfn.SWITCH(S14, "ivelikov@septona-bg.com", "Ivan Velikov", "andy@skuytov.eu", "Andrean Angelov", "ialeksandrov@septona-bg.com", "Ivailo Aleksandrov", "bgeorgiev@septona-bg.com", "Boris Georgiev", "iilev@septona-bg.com", "Ivailo Iliev", "dmitev@septona-bg.com", "Dimitar Mitev", "gkanchev@septona-bgc.com", "Georgi Kanchev", "s.kuytov@skuytov.eu", "Salim Kuytov", "istoyanova@septona-bg.com", "Ivelina Stoyanova", "ddimitrova@septona-bg.com", "Doroteya Dimitrova", "smehandzhieva@septona-bg.com", "Stiliana Mehandzhieva", "Unknown" )} -> Unknown
A15: Чашка за средна вендуза на робота | B15: 2 | C15: =Wet_Wipes[[#This Row],[Желано количество]] -> 2 | D15: 45808 | E15: BW2 | F15: 45769.234 | H15: НОВ | O15: =Wet_Wipes[[#This Row],[Цена за 1 бр. в BGN]]*Wet_Wipes[[#This Row],[Поръчано Количество]] -> 0 | R15: {=_xlfn.SWITCH(S15, "ivelikov@septona-bg.com", "Ivan Velikov", "andy@skuytov.eu", "Andrean Angelov", "ialeksandrov@septona-bg.com", "Ivailo Aleksandrov", "bgeorgiev@septona-bg.com", "Boris Georgiev", "iilev@septona-bg.com", "Ivailo Iliev", "dmitev@septona-bg.com", "Dimitar Mitev", "gkanchev@septona-bgc.com", "Georgi Kanchev", "s.kuytov@skuytov.eu", "Salim Kuytov", "istoyanova@septona-bg.com", "Ivelina Stoyanova", "ddimitrova@septona-bg.com", "Doroteya Dimitrova", "smehandzhieva@septona-bg.com", "Stiliana Mehandzhieva", "Unknown" )} -> Unknown
A16: Линеен лагер cpc MR 15WN SS | B16: 4 | C16: =Wet_Wipes[[#This Row],[Желано количество]] -> 4 | D16: 45808 | E16: BW3 | F16: 45769.242 | G16: CM-0005 | H16: Доставено | I16: Триера ООД | L16: 45832 | M16: 4 | N16: 148.7 | O16: =Wet_Wipes[[#This Row],[Цена за 1 бр. в BGN]]*Wet_Wipes[[#This Row],[Поръчано Количество]] -> 594.8 | R16: {=_xlfn.SWITCH(S16, "ivelikov@septona-bg.com", "Ivan Velikov", "andy@skuytov.eu", "Andrean Angelov", "ialeksandrov@septona-bg.com", "Ivailo Aleksandrov", "bgeorgiev@septona-bg.com", "Boris Georgiev", "iilev@septona-bg.com", "Ivailo Iliev", "dmitev@septona-bg.com", "Dimitar Mitev", "gkanchev@septona-bgc.com", "Georgi Kanchev", "s.kuytov@skuytov.eu", "Salim Kuytov", "istoyanova@septona-bg.com", "Ivelina Stoyanova", "ddimitrova@septona-bg.com", "Doroteya Dimitrova", "smehandzhieva@septona-bg.com", "Stiliana Mehandzhieva", "Unknown" )} -> Unknown
A17: Газов поялник | B17: 1 | C17: =Wet_Wipes[[#This Row],[Желано количество]] -> 1 | D17: 45808 | E17: Инструменти | F17: 45770.373 | H17: Доставено | O17: =Wet_Wipes[[#This Row],[Цена за 1 бр. в BGN]]*Wet_Wipes[[#This Row],[Поръчано Количество]] -> 0 | R17: {=_xlfn.SWITCH(S17, "ivelikov@septona-bg.com", "Ivan Velikov", "andy@skuytov.eu", "Andrean Angelov", "ialeksandrov@septona-bg.com", "Ivailo Aleksandrov", "bgeorgiev@septona-bg.com", "Boris Georgiev", "iilev@septona-bg.com", "Ivailo Iliev", "dmitev@septona-bg.com", "Dimitar Mitev", "gkanchev@septona-bgc.com", "Georgi Kanchev", "s.kuytov@skuytov.eu", "Salim Kuytov", "istoyanova@septona-bg.com", "Ivelina Stoyanova", "ddimitrova@septona-bg.com", "Doroteya Dimitrova", "smehandzhieva@septona-bg.com", "Stiliana Mehandzhieva", "Unknown" )} -> Unknown
A18: Контактен спрей СУХ | B18: 2 | C18: =Wet_Wipes[[#This Row],[Желано количество]] -> 2 | D18: 45808 | E18: Материали и Консумативи | F18: 45771.325 | O18: =Wet_Wipes[[#This Row],[Цена за 1 бр. в BGN]]*Wet_Wipes[[#This Row],[Поръчано Количество]] -> 0 | R18: {=_xlfn.SWITCH(S18, "ivelikov@septona-bg.com", "Ivan Velikov", "andy@skuytov.eu", "Andrean Angelov", "ialeksandrov@septona-bg.com", "Ivailo Aleksandrov", "bgeorgiev@septona-bg.com", "Boris Georgiev", "iilev@septona-bg.com", "Ivailo Iliev", "dmitev@septona-bg.com", "Dimitar Mitev", "gkanchev@septona-bgc.com", "Georgi Kanchev", "s.kuytov@skuytov.eu", "Salim Kuytov", "istoyanova@septona-bg.com", "Ivelina Stoyanova", "ddimitrova@septona-bg.com", "Doroteya Dimitrova", "smehandzhieva@septona-bg.com", "Stiliana Mehandzhieva", "Unknown" )} -> Unknown
A19: Газов поялник (да не е марка VOREL) | B19: 1 | C19: =Wet_Wipes[[#This Row],[Желано количество]] -> 1 | D19: 45808 | E19: Инструменти | F19: 45771.326 | O19: =Wet_Wipes[[#This Row],[Цена за 1 бр. в BGN]]*Wet_Wipes[[#This Row],[Поръчано Количество]] -> 0 | R19: {=_xlfn.SWITCH(S19, "ivelikov@septona-bg.com", "Ivan Velikov", "andy@skuytov.eu", "Andrean Angelov", "ialeksandrov@septona-bg.com", "Ivailo Aleksandrov", "bgeorgiev@septona-bg.com", "Boris Georgiev", "iilev@septona-bg.com", "Ivailo Iliev", "dmitev@septona-bg.com", "Dimitar Mitev", "gkanchev@septona-bgc.com", "Georgi Kanchev", "s.kuytov@skuytov.eu", "Salim Kuytov", "istoyanova@septona-bg.com", "Ivelina Stoyanova", "ddimitrova@septona-bg.com", "Doroteya Dimitrova", "smehandzhieva@septona-bg.com", "Stiliana Mehandzhieva", "Unknown" )} -> Unknown
A20: Разпределител FESTO CPE14-M1BH-5L-1/8 | B20: 1 | C20: =Wet_Wipes[[#This Row],[Желано количество]] -> 1 | D20: 45808 | E20: CW1+CW2 | F20: 45771.329 | G20: WW-0021 | H20: Доставено | I20: FESTO | J20: 45856 | K20: GLS: 66953043230 | N20: 203.2 | O20: =Wet_Wipes[[#This Row],[Цена за 1 бр. в BGN]]*Wet_Wipes[[#This Row],[Поръчано Количество]] -> 203.2 | R20: {=_xlfn.SWITCH(S20, "ivelikov@septona-bg.com", "Ivan Velikov", "andy@skuytov.eu", "Andrean Angelov", "ialeksandrov@septona-bg.com", "Ivailo Aleksandrov", "bgeorgiev@septona-bg.com", "Boris Georgiev", "iilev@septona-bg.com", "Ivailo Iliev", "dmitev@septona-bg.com", "Dimitar Mitev", "gkanchev@septona-bgc.com", "Georgi Kanchev", "s.kuytov@skuytov.eu", "Salim Kuytov", "istoyanova@septona-bg.com", "Ivelina Stoyanova", "ddimitrova@septona-bg.com", "Doroteya Dimitrova", "smehandzhieva@septona-bg.com", "Stiliana Mehandzhieva", "Unknown" )} -> Unknown
A21: Amotek 165011014 Spacer BR. 10,5-14-2 | B21: 4 | C21: 4 | D21: 45723 | E21: BW3 | F21: 45717.528 | G21: WW-0007 | 410704072 | H21: Доставено | I21: AMOTEK | N21: =1.9558*26.1 -> 51.04638 | O21: =Wet_Wipes[[#This Row],[Цена за 1 бр. в BGN]]*Wet_Wipes[[#This Row],[Поръчано Количество]] -> 204.18552 | R21: {=_xlfn.SWITCH(S21, "ivelikov@septona-bg.com", "Ivan Velikov", "andy@skuytov.eu", "Andrean Angelov", "ialeksandrov@septona-bg.com", "Ivailo Aleksandrov", "bgeorgiev@septona-bg.com", "Boris Georgiev", "iilev@septona-bg.com", "Ivailo Iliev", "dmitev@septona-bg.com", "Dimitar Mitev", "gkanchev@septona-bgc.com", "Georgi Kanchev", "s.kuytov@skuytov.eu", "Salim Kuytov", "istoyanova@septona-bg.com", "Ivelina Stoyanova", "ddimitrova@septona-bg.com", "Doroteya Dimitrova", "smehandzhieva@septona-bg.com", "Stiliana Mehandzhieva", "Unknown" )} -> Unknown
A22: Amotek 165011019 Lever | B22: 2 | C22: 2 | D22: 45723 | E22: BW3 | F22: 45717.529 | G22: WW-0007 | 410704072 | H22: Доставено | I22: AMOTEK | N22: =1.9558*297.5 -> 581.8505 | O22: =Wet_Wipes[[#This Row],[Цена за 1 бр. в BGN]]*Wet_Wipes[[#This Row],[Поръчано Количество]] -> 1163.701 | R22: {=_xlfn.SWITCH(S22, "ivelikov@septona-bg.com", "Ivan Velikov", "andy@skuytov.eu", "Andrean Angelov", "ialeksandrov@septona-bg.com", "Ivailo Aleksandrov", "bgeorgiev@septona-bg.com", "Boris Georgiev", "iilev@septona-bg.com", "Ivailo Iliev", "dmitev@septona-bg.com", "Dimitar Mitev", "gkanchev@septona-bgc.com", "Georgi Kanchev", "s.kuytov@skuytov.eu", "Salim Kuytov", "istoyanova@septona-bg.com", "Ivelina Stoyanova", "ddimitrova@septona-bg.com", "Doroteya Dimitrova", "smehandzhieva@septona-bg.com", "Stiliana Mehandzhieva", "Unknown" )} -> Unknown
A23: Amotek T11181994 Spacer | B23: 10 | C23: 10 | D23: 45723 | E23: BW3 | F23: 45717.53 | G23: WW-0007 | 410704072 | H23: Доставено | I23: AMOTEK | N23: =1.9558*97.3 -> 190.29934 | O23: =Wet_Wipes[[#This Row],[Цена за 1 бр. в BGN]]*Wet_Wipes[[#This Row],[Поръчано Количество]] -> 1902.9934 | R23: {=_xlfn.SWITCH(S23, "ivelikov@septona-bg.com", "Ivan Velikov", "andy@skuytov.eu", "Andrean Angelov", "ialeksandrov@septona-bg.com", "Ivailo Aleksandrov", "bgeorgiev@septona-bg.com", "Boris Georgiev", "iilev@septona-bg.com", "Ivailo Iliev", "dmitev@septona-bg.com", "Dimitar Mitev", "gkanchev@septona-bgc.com", "Georgi Kanchev", "s.kuytov@skuytov.eu", "Salim Kuytov", "istoyanova@septona-bg.com", "Ivelina Stoyanova", "ddimitrova@septona-bg.com", "Doroteya Dimitrova", "smehandzhieva@septona-bg.com", "Stiliana Mehandzhieva", "Unknown" )} -> Unknown
A24: 18A02486 | B24: 2 | C24: 2 | D24: 45723 | E24: BW2+BW3 | F24: 45717.532 | G24: WW-0008 | H24: Доставено | I24: CB PACKAGING | J24: 45800 | K24: DHL 5335687626 | L24: 45826 | N24: =1.9558*52.5 -> 102.6795 | O24: =Wet_Wipes[[#This Row],[Цена за 1 бр. в BGN]]*Wet_Wipes[[#This Row],[Поръчано Количество]] -> 205.359 | P24: 1177/2025_12-06-2025 | R24: {=_xlfn.SWITCH(S24, "ivelikov@septona-bg.com", "Ivan Velikov", "andy@skuytov.eu", "Andrean Angelov", "ialeksandrov@septona-bg.com", "Ivailo Aleksandrov", "bgeorgiev@septona-bg.com", "Boris Georgiev", "iilev@septona-bg.com", "Ivailo Iliev", "dmitev@septona-bg.com", "Dimitar Mitev", "gkanchev@septona-bgc.com", "Georgi Kanchev", "s.kuytov@skuytov.eu", "Salim Kuytov", "istoyanova@septona-bg.com", "Ivelina Stoyanova", "ddimitrova@septona-bg.com", "Doroteya Dimitrova", "smehandzhieva@septona-bg.com", "Stiliana Mehandzhieva", "Unknown" )} -> Unknown
A25: CB Leonardo, чертеж: GBL21433, Позиция: 05C - BG202330 | B25: 4 | C25: =Wet_Wipes[[#This Row],[Желано количество]] -> 4 | D25: 45723 | E25: BW2+BW3 | F25: 45717.532 | G25: WW-0008 | H25: Доставено | I25: CB PACKAGING | J25: 45800 | L25: 45826 | N25: =1.9558*5.5 -> 10.7569 | O25: =Wet_Wipes[[#This Row],[Цена за 1 бр. в BGN]]*Wet_Wipes[[#This Row],[Поръчано Количество]] -> 43.0276 | P25: 1177/2025_12-06-2025 | R25: {=_xlfn.SWITCH(S25, "ivelikov@septona-bg.com", "Ivan Velikov", "andy@skuytov.eu", "Andrean Angelov", "ialeksandrov@septona-bg.com", "Ivailo Aleksandrov", "bgeorgiev@septona-bg.com", "Boris Georgiev", "iilev@septona-bg.com", "Ivailo Iliev", "dmitev@septona-bg.com", "Dimitar Mitev", "gkanchev@septona-bgc.com", "Georgi Kanchev", "s.kuytov@skuytov.eu", "Salim Kuytov", "istoyanova@septona-bg.com", "Ivelina Stoyanova", "ddimitrova@septona-bg.com", "Doroteya Dimitrova", "smehandzhieva@septona-bg.com", "Stiliana Mehandzhieva", "Unknown" )} -> Unknown
A26: CB Leonardo, чертеж: GBL21433, Позиция: 15 - 20A00471 | B26: 4 | C26: =Wet_Wipes[[#This Row],[Желано количество]] -> 4 | D26: 45723 | E26: BW2+BW3 | F26: 45717.533 | G26: WW-0008 | H26: Доставено | I26: CB PACKAGING | J26: 45800 | L26: 45826 | N26: =1.9558*142 -> 277.7236 | O26: =Wet_Wipes[[#This Row],[Цена за 1 бр. в BGN]]*Wet_Wipes[[#This Row],[Поръчано Количество]] -> 1110.8944 | P26: 1177/2025_12-06-2025 | R26: {=_xlfn.SWITCH(S26, "ivelikov@septona-bg.com", "Ivan Velikov", "andy@skuytov.eu", "Andrean Angelov", "ialeksandrov@septona-bg.com", "Ivailo Aleksandrov", "bgeorgiev@septona-bg.com", "Boris Georgiev", "iilev@septona-bg.com", "Ivailo Iliev", "dmitev@septona-bg.com", "Dimitar Mitev", "gkanchev@septona-bgc.com", "Georgi Kanchev", "s.kuytov@skuytov.eu", "Salim Kuytov", "istoyanova@septona-bg.com", "Ivelina Stoyanova", "ddimitrova@septona-bg.com", "Doroteya Dimitrova", "smehandzhieva@septona-bg.com", "Stiliana Mehandzhieva", "Unknown" )} -> Unknown
A27: CB Leonardo, чертеж: GBL21433, Позиция: 12 - 07A05067 | B27: 2 | C27: =Wet_Wipes[[#This Row],[Желано количество]] -> 2 | D27: 45723 | E27: BW2+BW3 | F27: 45717.534 | G27: WW-0008 | H27: Доставено | I27: CB PACKAGING | J27: 45800 | L27: 45826 | N27: =1.9558*132.5 -> 259.1435 | O27: =Wet_Wipes[[#This Row],[Цена за 1 бр. в BGN]]*Wet_Wipes[[#This Row],[Поръчано Количество]] -> 518.287 | P27: 1177/2025_12-06-2025 | R27: {=_xlfn.SWITCH(S27, "ivelikov@septona-bg.com", "Ivan Velikov", "andy@skuytov.eu", "Andrean Angelov", "ialeksandrov@septona-bg.com", "Ivailo Aleksandrov", "bgeorgiev@septona-bg.com", "Boris Georgiev", "iilev@septona-bg.com", "Ivailo Iliev", "dmitev@septona-bg.com", "Dimitar Mitev", "gkanchev@septona-bgc.com", "Georgi Kanchev", "s.kuytov@skuytov.eu", "Salim Kuytov", "istoyanova@septona-bg.com", "Ivelina Stoyanova", "ddimitrova@septona-bg.com", "Doroteya Dimitrova", "smehandzhieva@septona-bg.com", "Stiliana Mehandzhieva", "Unknown" )} -> Unknown
A28: CB Leonardo, чертеж: GBL21433, Позиция: 50. 18A02485 | B28: 2 | C28: =Wet_Wipes[[#This Row],[Желано количество]] -> 2 | D28: 45723 | E28: BW2+BW3 | F28: 45717.534 | G28: WW-0008 | H28: Доставено | I28: CB PACKAGING | J28: 45800 | L28: 45826 | N28: =1.9558*31.5 -> 61.6077 | O28: =Wet_Wipes[[#This Row],[Цена за 1 бр. в BGN]]*Wet_Wipes[[#This Row],[Поръчано Количество]] -> 123.2154 | P28: 1177/2025_12-06-2025 | R28: {=_xlfn.SWITCH(S28, "ivelikov@septona-bg.com", "Ivan Velikov", "andy@skuytov.eu", "Andrean Angelov", "ialeksandrov@septona-bg.com", "Ivailo Aleksandrov", "bgeorgiev@septona-bg.com", "Boris Georgiev", "iilev@septona-bg.com", "Ivailo Iliev", "dmitev@septona-bg.com", "Dimitar Mitev", "gkanchev@septona-bgc.com", "Georgi Kanchev", "s.kuytov@skuytov.eu", "Salim Kuytov", "istoyanova@septona-bg.com", "Ivelina Stoyanova", "ddimitrova@septona-bg.com", "Doroteya Dimitrova", "smehandzhieva@septona-bg.com", "Stiliana Mehandzhieva", "Unknown" )} -> Unknown
A29: CB Leonardo, чертеж: GBL21433, Позиция: 10. 07A05065 | B29: 1 | C29: =Wet_Wipes[[#This Row],[Желано количество]] -> 1 | D29: 45723 | E29: BW2+BW3 | F29: 45717.534 | G29: WW-0008 | H29: Доставено | I29: CB PACKAGING | J29: 45800 | L29: 45826 | N29: =1.9558*99.5 -> 194.6021 | O29: =Wet_Wipes[[#This Row],[Цена за 1 бр. в BGN]]*Wet_Wipes[[#This Row],[Поръчано Количество]] -> 194.6021 | P29: 1177/2025_12-06-2025 | R29: {=_xlfn.SWITCH(S29, "ivelikov@septona-bg.com", "Ivan Velikov", "andy@skuytov.eu", "Andrean Angelov", "ialeksandrov@septona-bg.com", "Ivailo Aleksandrov", "bgeorgiev@septona-bg.com", "Boris Georgiev", "iilev@septona-bg.com", "Ivailo Iliev", "dmitev@septona-bg.com", "Dimitar Mitev", "gkanchev@septona-bgc.com", "Georgi Kanchev", "s.kuytov@skuytov.eu", "Salim Kuytov", "istoyanova@septona-bg.com", "Ivelina Stoyanova", "ddimitrova@septona-bg.com", "Doroteya Dimitrova", "smehandzhieva@septona-bg.com", "Stiliana Mehandzhieva", "Unknown" )} -> Unknown
A30: CB Leonardo, чертеж: GBL21433, Позиция: 11 07A05066 | B30: 1 | C30: =Wet_Wipes[[#This Row],[Желано количество]] -> 1 | D30: 45723 | E30: BW2+BW3 | F30: 45717.535 | G30: WW-0008 | H30: Доставено | I30: CB PACKAGING | J30: 45800 | L30: 45826 | N30: =1.9558*99.5 -> 194.6021 | O30: =Wet_Wipes[[#This Row],[Цена за 1 бр. в BGN]]*Wet_Wipes[[#This Row],[Поръчано Количество]] -> 194.6021 | P30: 1177/2025_12-06-2025 | R30: {=_xlfn.SWITCH(S30, "ivelikov@septona-bg.com", "Ivan Velikov", "andy@skuytov.eu", "Andrean Angelov", "ialeksandrov@septona-bg.com", "Ivailo Aleksandrov", "bgeorgiev@septona-bg.com", "Boris Georgiev", "iilev@septona-bg.com", "Ivailo Iliev", "dmitev@septona-bg.com", "Dimitar Mitev", "gkanchev@septona-bgc.com", "Georgi Kanchev", "s.kuytov@skuytov.eu", "Salim Kuytov", "istoyanova@septona-bg.com", "Ivelina Stoyanova", "ddimitrova@septona-bg.com", "Doroteya Dimitrova", "smehandzhieva@septona-bg.com", "Stiliana Mehandzhieva", "Unknown" )} -> Unknown
A31: CB Leonardo, чертеж: GBL21433, Позиция: 44 07A05090 | B31: 1 | C31: =Wet_Wipes[[#This Row],[Желано количество]] -> 1 | D31: 45723 | E31: BW2+BW3 | F31: 45717.535 | G31: WW-0008 | H31: Доставено | I31: CB PACKAGING | J31: 45800 | L31: 45826 | N31: =1.9558*132.5 -> 259.1435 | O31: =Wet_Wipes[[#This Row],[Цена за 1 бр. в BGN]]*Wet_Wipes[[#This Row],[Поръчано Количество]] -> 259.1435 | P31: 1177/2025_12-06-2025 | R31: {=_xlfn.SWITCH(S31, "ivelikov@septona-bg.com", "Ivan Velikov", "andy@skuytov.eu", "Andrean Angelov", "ialeksandrov@septona-bg.com", "Ivailo Aleksandrov", "bgeorgiev@septona-bg.com", "Boris Georgiev", "iilev@septona-bg.com", "Ivailo Iliev", "dmitev@septona-bg.com", "Dimitar Mitev", "gkanchev@septona-bgc.com", "Georgi Kanchev", "s.kuytov@skuytov.eu", "Salim Kuytov", "istoyanova@septona-bg.com", "Ivelina Stoyanova", "ddimitrova@septona-bg.com", "Doroteya Dimitrova", "smehandzhieva@septona-bg.com", "Stiliana Mehandzhieva", "Unknown" )} -> Unknown
A32: CB Leonardo, чертеж: GBL21433, Позиция: 45 07A05091 | B32: 2 | C32: =Wet_Wipes[[#This Row],[Желано количество]] -> 2 | D32: 45723 | E32: BW2+BW3 | F32: 45717.536 | G32: WW-0008 | H32: Доставено | I32: CB PACKAGING | J32: 45800 | L32: 45826 | N32: =1.9558*132.5 -> 259.1435 | O32: =Wet_Wipes[[#This Row],[Цена за 1 бр. в BGN]]*Wet_Wipes[[#This Row],[Поръчано Количество]] -> 518.287 | P32: 1177/2025_12-06-2025 | R32: {=_xlfn.SWITCH(S32, "ivelikov@septona-bg.com", "Ivan Velikov", "andy@skuytov.eu", "Andrean Angelov", "ialeksandrov@septona-bg.com", "Ivailo Aleksandrov", "bgeorgiev@septona-bg.com", "Boris Georgiev", "iilev@septona-bg.com", "Ivailo Iliev", "dmitev@septona-bg.com", "Dimitar Mitev", "gkanchev@septona-bgc.com", "Georgi Kanchev", "s.kuytov@skuytov.eu", "Salim Kuytov", "istoyanova@septona-bg.com", "Ivelina Stoyanova", "ddimitrova@septona-bg.com", "Doroteya Dimitrova", "smehandzhieva@septona-bg.com", "Stiliana Mehandzhieva", "Unknown" )} -> Unknown
A33: CB Leonardo, чертеж: GBL21433, Позиция: 46 07A06290 | B33: 2 | C33: =Wet_Wipes[[#This Row],[Желано количество]] -> 2 | D33: 45723 | E33: BW2+BW3 | F33: 45717.536 | G33: WW-0008 | H33: Доставено | I33: CB PACKAGING | J33: 45800 | L33: 45826 | N33: =1.9558*58 -> 113.4364 | O33: =Wet_Wipes[[#This Row],[Цена за 1 бр. в BGN]]*Wet_Wipes[[#This Row],[Поръчано Количество]] -> 226.8728 | P33: 1177/2025_12-06-2025 | R33: {=_xlfn.SWITCH(S33, "ivelikov@septona-bg.com", "Ivan Velikov", "andy@skuytov.eu", "Andrean Angelov", "ialeksandrov@septona-bg.com", "Ivailo Aleksandrov", "bgeorgiev@septona-bg.com", "Boris Georgiev", "iilev@septona-bg.com", "Ivailo Iliev", "dmitev@septona-bg.com", "Dimitar Mitev", "gkanchev@septona-bgc.com", "Georgi Kanchev", "s.kuytov@skuytov.eu", "Salim Kuytov", "istoyanova@septona-bg.com", "Ivelina Stoyanova", "ddimitrova@septona-bg.com", "Doroteya Dimitrova", "smehandzhieva@septona-bg.com", "Stiliana Mehandzhieva", "Unknown" )} -> Unknown
A34: CB Leonardo, чертеж: GBL21433, Позиция: 31C CADN2020IPA | B34: 1 | C34: =Wet_Wipes[[#This Row],[Желано количество]] -> 1 | D34: 45723 | E34: BW2+BW3 | F34: 45717.536 | G34: WW-0008 | H34: Доставено | I34: CB PACKAGING | J34: 45800 | L34: 45826 | N34: =1.9558*170 -> 332.486 | O34: =Wet_Wipes[[#This Row],[Цена за 1 бр. в BGN]]*Wet_Wipes[[#This Row],[Поръчано Количество]] -> 332.486 | P34: 1177/2025_12-06-2025 | R34: {=_xlfn.SWITCH(S34, "ivelikov@septona-bg.com", "Ivan Velikov", "andy@skuytov.eu", "Andrean Angelov", "ialeksandrov@septona-bg.com", "Ivailo Aleksandrov", "bgeorgiev@septona-bg.com", "Boris Georgiev", "iilev@septona-bg.com", "Ivailo Iliev", "dmitev@septona-bg.com", "Dimitar Mitev", "gkanchev@septona-bgc.com", "Georgi Kanchev", "s.kuytov@skuytov.eu", "Salim Kuytov", "istoyanova@septona-bg.com", "Ivelina Stoyanova", "ddimitrova@septona-bg.com", "Doroteya Dimitrova", "smehandzhieva@septona-bg.com", "Stiliana Mehandzhieva", "Unknown" )} -> Unknown
A35: CB Leonardo, чертеж: GBL21433, Позиция: 45C VCRM5X6X20 | B35: 1 | C35: =Wet_Wipes[[#This Row],[Желано количество]] -> 1 | D35: 45723 | E35: BW2+BW3 | F35: 45717.537 | G35: WW-0008 | H35: Доставено | I35: CB PACKAGING | J35: 45800 | L35: 45826 | N35: =1.9558*3 -> 5.8674 | O35: =Wet_Wipes[[#This Row],[Цена за 1 бр. в BGN]]*Wet_Wipes[[#This Row],[Поръчано Количество]] -> 5.8674 | P35: 1177/2025_12-06-2025 | R35: {=_xlfn.SWITCH(S35, "ivelikov@septona-bg.com", "Ivan Velikov", "andy@skuytov.eu", "Andrean Angelov", "ialeksandrov@septona-bg.com", "Ivailo Aleksandrov", "bgeorgiev@septona-bg.com", "Boris Georgiev", "iilev@septona-bg.com", "Ivailo Iliev", "dmitev@septona-bg.com", "Dimitar Mitev", "gkanchev@septona-bgc.com", "Georgi Kanchev", "s.kuytov@skuytov.eu", "Salim Kuytov", "istoyanova@septona-bg.com", "Ivelina Stoyanova", "ddimitrova@septona-bg.com", "Doroteya Dimitrova", "smehandzhieva@septona-bg.com", "Stiliana Mehandzhieva", "Unknown" )} -> Unknown
A36: CB Leonardo, чертеж: GBL21433, Позиция: 48C SNBRM6 | B36: 1 | C36: =Wet_Wipes[[#This Row],[Желано количество]] -> 1 | D36: 45723 | E36: BW2+BW3 | F36: 45717.537 | G36: WW-0008 | H36: Доставено | I36: CB PACKAGING | J36: 45800 | L36: 45826 | N36: =1.9558*98 -> 191.6684 | O36: =Wet_Wipes[[#This Row],[Цена за 1 бр. в BGN]]*Wet_Wipes[[#This Row],[Поръчано Количество]] -> 191.6684 | P36: 1177/2025_12-06-2025 | R36: {=_xlfn.SWITCH(S36, "ivelikov@septona-bg.com", "Ivan Velikov", "andy@skuytov.eu", "Andrean Angelov", "ialeksandrov@septona-bg.com", "Ivailo Aleksandrov", "bgeorgiev@septona-bg.com", "Boris Georgiev", "iilev@septona-bg.com", "Ivailo Iliev", "dmitev@septona-bg.com", "Dimitar Mitev", "gkanchev@septona-bgc.com", "Georgi Kanchev", "s.kuytov@skuytov.eu", "Salim Kuytov", "istoyanova@septona-bg.com", "Ivelina Stoyanova", "ddimitrova@septona-bg.com", "Doroteya Dimitrova", "smehandzhieva@septona-bg.com", "Stiliana Mehandzhieva", "Unknown" )} -> Unknown
A37: CB Leonardo, чертеж: GBL21433, Позиция: 106 27A02269 | B37: 1 | C37: =Wet_Wipes[[#This Row],[Желано количество]] -> 1 | D37: 45723 | E37: BW2+BW3 | F37: 45717.538 | G37: WW-0008 | H37: Доставено | I37: CB PACKAGING | J37: 45800 | L37: 45826 | N37: =1.9558*26.5 -> 51.8287 | O37: =Wet_Wipes[[#This Row],[Цена за 1 бр. в BGN]]*Wet_Wipes[[#This Row],[Поръчано Количество]] -> 51.8287 | P37: 1177/2025_12-06-2025 | R37: {=_xlfn.SWITCH(S37, "ivelikov@septona-bg.com", "Ivan Velikov", "andy@skuytov.eu", "Andrean Angelov", "ialeksandrov@septona-bg.com", "Ivailo Aleksandrov", "bgeorgiev@septona-bg.com", "Boris Georgiev", "iilev@septona-bg.com", "Ivailo Iliev", "dmitev@septona-bg.com", "Dimitar Mitev", "gkanchev@septona-bgc.com", "Georgi Kanchev", "s.kuytov@skuytov.eu", "Salim Kuytov", "istoyanova@septona-bg.com", "Ivelina Stoyanova", "ddimitrova@septona-bg.com", "Doroteya Dimitrova", "smehandzhieva@septona-bg.com", "Stiliana Mehandzhieva", "Unknown" )} -> Unknown
A38: CB Leonardo, чертеж: GBL21433, Позиция: 97 11A00478 | B38: 1 | C38: =Wet_Wipes[[#This Row],[Желано количество]] -> 1 | D38: 45723 | E38: BW2+BW3 | F38: 45717.538 | G38: WW-0008 | H38: Доставено | I38: CB PACKAGING | J38: 45800 | L38: 45826 | N38: =1.9558*79 -> 154.5082 | O38: =Wet_Wipes[[#This Row],[Цена за 1 бр. в BGN]]*Wet_Wipes[[#This Row],[Поръчано Количество]] -> 154.5082 | P38: 1177/2025_12-06-2025 | R38: {=_xlfn.SWITCH(S38, "ivelikov@septona-bg.com", "Ivan Velikov", "andy@skuytov.eu", "Andrean Angelov", "ialeksandrov@septona-bg.com", "Ivailo Aleksandrov", "bgeorgiev@septona-bg.com", "Boris Georgiev", "iilev@septona-bg.com", "Ivailo Iliev", "dmitev@septona-bg.com", "Dimitar Mitev", "gkanchev@septona-bgc.com", "Georgi Kanchev", "s.kuytov@skuytov.eu", "Salim Kuytov", "istoyanova@septona-bg.com", "Ivelina Stoyanova", "ddimitrova@septona-bg.com", "Doroteya Dimitrova", "smehandzhieva@septona-bg.com", "Stiliana Mehandzhieva", "Unknown" )} -> Unknown
A39: CB Leonardo, чертеж: GBL21433, Позиция: 27 49A10094 | B39: 1 | C39: =Wet_Wipes[[#This Row],[Желано количество]] -> 1 | D39: 45723 | E39: BW2+BW3 | F39: 45717.538 | G39: WW-0008 | H39: Доставено | I39: CB PACKAGING | J39: 45800 | L39: 45826 | N39: =1.9558*265 -> 518.287 | O39: =Wet_Wipes[[#This Row],[Цена за 1 бр. в BGN]]*Wet_Wipes[[#This Row],[Поръчано Количество]] -> 518.287 | P39: 1177/2025_12-06-2025 | R39: {=_xlfn.SWITCH(S39, "ivelikov@septona-bg.com", "Ivan Velikov", "andy@skuytov.eu", "Andrean Angelov", "ialeksandrov@septona-bg.com", "Ivailo Aleksandrov", "bgeorgiev@septona-bg.com", "Boris Georgiev", "iilev@septona-bg.com", "Ivailo Iliev", "dmitev@septona-bg.com", "Dimitar Mitev", "gkanchev@septona-bgc.com", "Georgi Kanchev", "s.kuytov@skuytov.eu", "Salim Kuytov", "istoyanova@septona-bg.com", "Ivelina Stoyanova", "ddimitrova@septona-bg.com", "Doroteya Dimitrova", "smehandzhieva@septona-bg.com", "Stiliana Mehandzhieva", "Unknown" )} -> Unknown
